topRoute,category,title,link,cover,postTime,flag
CSDN 博客,学习笔记:Go,第 13 章 底层编程,https://springbear.blog.csdn.net/article/details/149687510,/resources/images/articles/149687510.png,2025-07-27 11:48:58,
CSDN 博客,学习笔记:Go,第 12 章 反射,https://springbear.blog.csdn.net/article/details/149684188,/resources/images/articles/149684188.png,2025-07-27 09:26:20,
CSDN 博客,学习笔记:Go,第 11 章 测试,https://springbear.blog.csdn.net/article/details/149600221,/resources/images/articles/149600221.png,2025-07-24 11:54:25,
CSDN 博客,学习笔记:Go,第 10 章 包和工具,https://springbear.blog.csdn.net/article/details/149353870,/resources/images/articles/149353870.png,2025-07-15 14:37:31,
CSDN 博客,学习笔记:Go,第 9 章 基于共享变量的并发,https://springbear.blog.csdn.net/article/details/149346143,/resources/images/articles/149346143.png,2025-07-15 09:38:03,
CSDN 博客,学习笔记:Go,第 8 章 Goroutines 和 Channels,https://springbear.blog.csdn.net/article/details/149279433,/resources/images/articles/149279433.png,2025-07-11 17:35:09,
CSDN 博客,学习笔记:Go,第 7 章 接口,https://springbear.blog.csdn.net/article/details/148160551,/resources/images/articles/148160551.png,2025-05-23 11:32:18,
CSDN 博客,学习笔记:Go,第 6 章 方法,https://springbear.blog.csdn.net/article/details/148069481,/resources/images/articles/148069481.png,2025-05-19 17:46:05,
CSDN 博客,学习笔记:Go,第 5 章 函数,https://springbear.blog.csdn.net/article/details/148012549,/resources/images/articles/148012549.png,2025-05-16 17:32:22,
CSDN 博客,学习笔记:Go,第 4 章 复合数据类型,https://springbear.blog.csdn.net/article/details/147730079,/resources/images/articles/147730079.png,2025-05-06 11:05:32,
CSDN 博客,学习笔记:Go,第 3 章 基础数据类型,https://springbear.blog.csdn.net/article/details/147469080,/resources/images/articles/147469080.png,2025-04-24 09:20:15,
CSDN 博客,学习笔记:Go,第 2 章 程序结构,https://springbear.blog.csdn.net/article/details/146946288,/resources/images/articles/146946288.png,2025-04-02 14:31:38,
CSDN 博客,学习笔记:Go,第 1 章 入门,https://springbear.blog.csdn.net/article/details/146445717,/resources/images/articles/146445717.png,2025-03-22 20:20:00,
CSDN 博客,学习笔记:Go,章节目录,https://springbear.blog.csdn.net/article/details/146440854,/resources/images/articles/146440854.png,2025-03-22 15:25:00,
CSDN 博客,学习笔记:C++,第 12 章 动态内存,https://springbear.blog.csdn.net/article/details/145267349,/resources/images/articles/145267349.png,2025-01-20 18:12:22,
CSDN 博客,学习笔记:C++,第 11 章 关联容器,https://springbear.blog.csdn.net/article/details/145090298,/resources/images/articles/145090298.png,2025-01-12 11:11:07,
CSDN 博客,学习笔记:C++,第 10 章 泛型算法,https://springbear.blog.csdn.net/article/details/145022931,/resources/images/articles/145022931.png,2025-01-09 09:09:52,
CSDN 博客,学习笔记:C++,第 9 章 顺序容器,https://springbear.blog.csdn.net/article/details/144646703,/resources/images/articles/144646703.png,2024-12-22 14:57:09,
CSDN 博客,学习笔记:C++,第 8 章 IO 类,https://springbear.blog.csdn.net/article/details/143773002,/resources/images/articles/143773002.png,2024-11-14 15:41:59,
CSDN 博客,学习笔记:C++,第 7 章 类,https://springbear.blog.csdn.net/article/details/143757957,/resources/images/articles/143757957.png,2024-11-14 09:11:26,
CSDN 博客,学习笔记:C++,第 6 章 函数,https://springbear.blog.csdn.net/article/details/143477308,/resources/images/articles/143477308.png,2024-11-04 10:05:24,
CSDN 博客,学习笔记:C++,第 5 章 语句,https://springbear.blog.csdn.net/article/details/142781712,/resources/images/articles/142781712.png,2024-10-09 11:09:50,
CSDN 博客,学习笔记:C++,第 4 章 表达式,https://springbear.blog.csdn.net/article/details/142438750,/resources/images/articles/142438750.png,2024-09-22 16:28:28,
CSDN 博客,学习笔记:C++,第 3 章 字符串、向量和数组,https://springbear.blog.csdn.net/article/details/142354466,/resources/images/articles/142354466.png,2024-09-19 10:59:00,
CSDN 博客,学习笔记:C++,第 2 章 变量和基本类型,https://springbear.blog.csdn.net/article/details/141868607,/resources/images/articles/141868607.png,2024-09-03 18:23:24,
CSDN 博客,学习笔记:C++,第 1 章 开始,https://springbear.blog.csdn.net/article/details/141812953,/resources/images/articles/141812953.png,2024-09-02 10:16:38,
CSDN 博客,学习笔记:C++,章节目录,https://springbear.blog.csdn.net/article/details/141812723,/resources/images/articles/141812723.png,2024-09-02 10:11:42,
CSDN 博客,学习笔记:暂未分类,Makefile,https://springbear.blog.csdn.net/article/details/137867279,/resources/images/articles/137867279.png,2024-04-17 14:12:52,
CSDN 博客,学习笔记:暂未分类,Docker,https://springbear.blog.csdn.net/article/details/137809369,/resources/images/articles/137809369.jpeg,2024-04-16 09:38:45,
CSDN 博客,学习笔记:暂未分类,Python,https://springbear.blog.csdn.net/article/details/127155472,/resources/images/articles/127155472.png,2022-10-03 19:54:40,true
CSDN 博客,学习笔记:暂未分类,正则表达式,https://springbear.blog.csdn.net/article/details/125059310,/resources/images/articles/125059310.png,2022-05-31 10:01:30,true
CSDN 博客,学习笔记:暂未分类,MySQL,https://springbear.blog.csdn.net/article/details/123927872,/resources/images/articles/123927872.png,2022-04-09 08:38:59,true
CSDN 博客,学习笔记:暂未分类,Linux,https://springbear.blog.csdn.net/article/details/123934353,/resources/images/articles/123934353.png,2022-04-09 08:27:54,
CSDN 博客,学习笔记:暂未分类,Git,https://springbear.blog.csdn.net/article/details/123932256,/resources/images/articles/123932256.jpeg,2022-04-09 08:22:17,
CSDN 博客,学习笔记:计算机基础,计算机网络,https://springbear.blog.csdn.net/article/details/146401902,/resources/images/articles/146401902.jpg,2025-03-20 17:27:28,true
CSDN 博客,学习笔记:计算机基础,操作系统,https://springbear.blog.csdn.net/article/details/145635629,/resources/images/articles/145635629.png,2025-02-14 16:04:50,true
CSDN 博客,学习笔记:计算机基础,计算机网络,https://springbear.blog.csdn.net/article/details/126942325,/resources/images/articles/126942325.png,2022-09-19 21:48:45,true
CSDN 博客,学习笔记:计算机基础,操作系统,https://springbear.blog.csdn.net/article/details/126915458,/resources/images/articles/126915458.png,2022-09-18 11:39:01,true
CSDN 博客,学习笔记:计算机基础,算法,https://springbear.blog.csdn.net/article/details/123567239,/resources/images/articles/123567239.png,2022-05-31 12:00:26,true
CSDN 博客,学习笔记:计算机基础,数据结构,https://springbear.blog.csdn.net/article/details/123940187,/resources/images/articles/123940187.png,2022-05-31 11:30:46,true
CSDN 博客,学习笔记:前端,CSS,https://springbear.blog.csdn.net/article/details/139579301,/resources/images/articles/139579301.jpeg,2024-06-10 17:38:25,
CSDN 博客,学习笔记:前端,HTML,https://springbear.blog.csdn.net/article/details/138256133,/resources/images/articles/138256133.jpeg,2024-04-27 19:42:27,
CSDN 博客,学习笔记:前端,React,https://springbear.blog.csdn.net/article/details/132651714,/resources/images/articles/132651714.png,2023-09-03 16:33:28,true
CSDN 博客,学习笔记:前端,Vue,https://springbear.blog.csdn.net/article/details/127340923,/resources/images/articles/127340923.png,2022-10-15 21:34:34,true
CSDN 博客,学习笔记:Java,Spring Security,https://springbear.blog.csdn.net/article/details/132651542,/resources/images/articles/132651542.png,2023-09-03 16:21:52,true
CSDN 博客,学习笔记:Java,阿里巴巴 Java 编码规约,https://springbear.blog.csdn.net/article/details/132651458,/resources/images/articles/132651458.png,2023-09-03 16:16:15,true
CSDN 博客,学习笔记:Java,Java8 新特性,https://springbear.blog.csdn.net/article/details/132651343,/resources/images/articles/132651343.png,2023-09-03 16:08:49,
CSDN 博客,学习笔记:Java,MyBatis-Plus,https://springbear.blog.csdn.net/article/details/125326941,/resources/images/articles/125326941.jpeg,2022-06-17 09:03:17,
CSDN 博客,学习笔记:Java,MyBatis,https://springbear.blog.csdn.net/article/details/125238028,/resources/images/articles/125238028.jpeg,2022-06-11 19:48:28,true
CSDN 博客,学习笔记:Java,Spring MVC ,https://springbear.blog.csdn.net/article/details/124139360,/resources/images/articles/124139360.jpeg,2022-06-10 21:54:32,true
CSDN 博客,学习笔记:Java,Spring,https://springbear.blog.csdn.net/article/details/124048778,/resources/images/articles/124048778.jpeg,2022-06-02 15:42:50,true
CSDN 博客,学习笔记:Java,Java Web,https://springbear.blog.csdn.net/article/details/123835246,/resources/images/articles/123835246.jpeg,2022-06-01 12:49:17,true
CSDN 博客,学习笔记:Java,Java,https://springbear.blog.csdn.net/article/details/123904890,/resources/images/articles/123904890.png,2022-05-31 09:13:50,true
CSDN 博客,学习笔记:Java,Maven,https://springbear.blog.csdn.net/article/details/124065466,/resources/images/articles/124065466.png,2022-04-10 09:38:23,
CSDN 博客,程序人生,实战分享：AI 大模型在日常开发中的应用与展望,https://springbear.blog.csdn.net/article/details/150510847,/resources/images/articles/150510847.png,2025-08-19 08:35:39,
CSDN 博客,程序人生,加密算法详尽指南,https://springbear.blog.csdn.net/article/details/147991097,/resources/images/articles/147991097.jpeg,2025-05-15 20:17:16,
CSDN 博客,程序人生,智汇异常洞察平台设计及实现概述,https://springbear.blog.csdn.net/article/details/145298987,/resources/images/articles/145298987.png,2025-01-22 10:52:18,
CSDN 博客,程序人生,构建现代化 CMDB 前端平台,https://springbear.blog.csdn.net/article/details/143480895,/resources/images/articles/143480895.png,2024-11-04 11:53:33,
CSDN 博客,程序人生,短信平台设计方案,https://springbear.blog.csdn.net/article/details/143479083,/resources/images/articles/143479083.png,2024-11-04 10:58:34,
CSDN 博客,程序人生,重装之我用 Ubuntu 双系统,https://springbear.blog.csdn.net/article/details/142583530,/resources/images/articles/142583530.jpeg,2024-09-27 08:17:26,
CSDN 博客,程序人生,云原生工作流引擎 Argo Workflows 概述,https://springbear.blog.csdn.net/article/details/139925041,/resources/images/articles/139925041.png,2024-06-24 14:28:40,
CSDN 博客,程序人生,基于 jQuery + Bootstrap 构建的响应式生日快乐祝福网站,https://springbear.blog.csdn.net/article/details/138748007,/resources/images/articles/138748007.png,2024-05-12 10:38:03,
CSDN 博客,程序人生,解决 com.mysql.cj.jdbc.exceptions.CommunicationsException: Communications link failure 异常,https://springbear.blog.csdn.net/article/details/138210733,/resources/images/articles/138210733.png,2024-04-26 10:28:53,
CSDN 博客,程序人生,基于 Vue.js 实现的 SPA 尚品汇在线电商前后台项目,https://springbear.blog.csdn.net/article/details/128351123,/resources/images/articles/128351123.png,2022-12-17 10:38:39,
CSDN 博客,程序人生,C 语言实现经典贪吃蛇游戏,https://springbear.blog.csdn.net/article/details/128270068,/resources/images/articles/128270068.png,2022-12-10 22:38:50,
CSDN 博客,程序人生,基于 SpringCloud + Vue 的硅谷课堂前后端分离微信公众号项目,https://springbear.blog.csdn.net/article/details/127682682,/resources/images/articles/127682682.png,2022-11-04 09:50:20,
CSDN 博客,程序人生,全注解方式整合 SSM 框架,https://springbear.blog.csdn.net/article/details/125756878,/resources/images/articles/125756878.png,2022-07-13 09:29:52,
CSDN 博客,程序人生,基于全注解 SSM 和 Bootstrap 的两码一查系统,https://springbear.blog.csdn.net/article/details/125737447,/resources/images/articles/125737447.png,2022-07-12 21:46:45,
CSDN 博客,程序人生,SSM 框架整合（基于 XML）,https://springbear.blog.csdn.net/article/details/125467118,/resources/images/articles/125467118.png,2022-06-26 10:05:03,
CSDN 博客,程序人生,基于配置文件 SSM 和 Bootstrap 的熊猫书屋系统,https://springbear.blog.csdn.net/article/details/124876914,/resources/images/articles/124876914.png,2022-05-20 09:31:11,
CSDN 博客,程序人生,基于 JavaWeb 的网上书屋系统,https://springbear.blog.csdn.net/article/details/124788026,/resources/images/articles/124788026.png,2022-05-15 21:16:14,
CSDN 博客,程序人生,解决 java.io.StreamCorruptedException: invalid type code: AC 异常,https://springbear.blog.csdn.net/article/details/121061149,/resources/images/articles/121061149.png,2021-10-31 12:40:06,
CSDN 博客,武理四年:大四下:毕业设计,百家谱系统,https://springbear.blog.csdn.net/article/details/132509990,/resources/images/articles/132509990.png,2023-08-26 12:06:43,
CSDN 博客,武理四年:大四上:岗位实习,美年健康系统,https://springbear.blog.csdn.net/article/details/126421924,/resources/images/articles/126421924.png,2022-08-19 11:45:00,
CSDN 博客,武理四年:大三下:Python 语言程序设计,课程选课系统,https://springbear.blog.csdn.net/article/details/124839147,/resources/images/articles/124839147.png,2022-05-18 11:50:36,
CSDN 博客,武理四年:大三下:Python 语言程序设计,Python 课程实验,https://springbear.blog.csdn.net/article/details/124844945,/resources/images/articles/124844945.png,2022-05-18 16:36:39,
CSDN 博客,武理四年:大三下:Python 语言程序设计,Python 课程作业,https://springbear.blog.csdn.net/article/details/123521332,/resources/images/articles/123521332.png,2022-03-16 11:06:59,
CSDN 博客,武理四年:大三下:Web 技术,用户信息管理系统,https://springbear.blog.csdn.net/article/details/124771264,/resources/images/articles/124771264.png,2022-05-15 20:33:04,
CSDN 博客,武理四年:大三上:数据库系统综合实验,电子图书资源服务系统,https://springbear.blog.csdn.net/article/details/122032030,/resources/images/articles/122032030.png,2021-12-20 17:45:52,
CSDN 博客,武理四年:大三上:编译原理,词法分析实验之基于 DFA 的单词识别,https://springbear.blog.csdn.net/article/details/122081466,/resources/images/articles/122081466.png,2021-12-25 09:45:11,
CSDN 博客,武理四年:大三上:软件需求工程,本地宝小爬虫,https://springbear.blog.csdn.net/article/details/121021483,/resources/images/articles/121021483.png,2021-12-14 10:30:57,
CSDN 博客,武理四年:大二下:数据结构与算法综合实验,欢乐练练看游戏,https://springbear.blog.csdn.net/article/details/115769684,/resources/images/articles/115769684.png,2021-12-15 08:06:37,
CSDN 博客,武理四年:大二下:数据结构与算法综合实验,图与景区信息管理系统,https://springbear.blog.csdn.net/article/details/115588159,/resources/images/articles/115588159.png,2021-12-15 08:07:02,
CSDN 博客,武理四年:大二下:数据结构与算法综合实验,二叉树与哈夫曼图片压缩,https://springbear.blog.csdn.net/article/details/115588113,/resources/images/articles/115588113.bmp,2021-12-15 08:07:15,
CSDN 博客,武理四年:大二下:软件工程基础实验,生命游戏,https://springbear.blog.csdn.net/article/details/116598436,/resources/images/articles/116598436.png,2021-12-15 08:08:00,
CSDN 博客,武理四年:大二下:计算机数值分析,四阶龙格-库塔经典格式解常微分方程的初值问题,https://springbear.blog.csdn.net/article/details/116082430,/resources/images/articles/116082430.png,2021-12-14 10:34:03,
CSDN 博客,武理四年:大二下:计算机数值分析,改进欧拉格式解常微分方程的初值问题,https://springbear.blog.csdn.net/article/details/116082067,/resources/images/articles/116082067.png,2021-12-14 10:34:18,
CSDN 博客,武理四年:大二下:计算机数值分析,龙贝格公式求数值积分,https://springbear.blog.csdn.net/article/details/116081534,/resources/images/articles/116081534.png,2021-12-14 10:34:27,
CSDN 博客,武理四年:大二下:计算机数值分析,复化梯形的递推公式的变步长算法求积分,https://springbear.blog.csdn.net/article/details/116075805,/resources/images/articles/116075805.png,2021-12-14 10:34:43,
CSDN 博客,武理四年:大二下:计算机数值分析,高斯-塞德尔迭代公式解线性方程组,https://springbear.blog.csdn.net/article/details/116034486,/resources/images/articles/116034486.png,2021-12-14 10:35:14,
CSDN 博客,武理四年:大二下:计算机数值分析,雅可比迭代公式解线性方程组,https://springbear.blog.csdn.net/article/details/116003200,/resources/images/articles/116003200.png,2021-12-14 10:35:24,
CSDN 博客,武理四年:大二下:计算机数值分析,利用秦九韶算法求多项式的值,https://springbear.blog.csdn.net/article/details/115256319,/resources/images/articles/115256319.png,2021-12-16 08:33:26,
CSDN 博客,武理四年:大二下:计算机数值分析,直线拟合的最小二乘法,https://springbear.blog.csdn.net/article/details/116059867,/resources/images/articles/116059867.png,2021-12-14 10:35:06,
CSDN 博客,武理四年:大二下:计算机数值分析,牛顿插值公式,https://springbear.blog.csdn.net/article/details/115977923,/resources/images/articles/115977923.png,2021-12-14 10:35:32,
CSDN 博客,武理四年:大二下:计算机数值分析,拉格朗日插值公式,https://springbear.blog.csdn.net/article/details/115919146,/resources/images/articles/115919146.png,2021-12-17 07:56:15,
CSDN 博客,武理四年:大二下:计算机数值分析,牛顿下山法求方程的根,https://springbear.blog.csdn.net/article/details/115875500,/resources/images/articles/115875500.png,2021-12-17 07:56:06,
CSDN 博客,武理四年:大二下:计算机数值分析,开方公式-牛顿法,https://springbear.blog.csdn.net/article/details/115872990,/resources/images/articles/115872990.png,2021-12-17 07:55:56,
CSDN 博客,武理四年:大二下:计算机数值分析,牛顿法求解方程的根,https://springbear.blog.csdn.net/article/details/115869059,/resources/images/articles/115869059.png,2021-12-16 08:34:46,
CSDN 博客,武理四年:大二下:计算机数值分析,埃特金算法加速迭代法求根过程,https://springbear.blog.csdn.net/article/details/115350859,/resources/images/articles/115350859.png,2021-12-15 08:09:14,
CSDN 博客,武理四年:大二下:计算机数值分析,迭代法求根过程的加速,https://springbear.blog.csdn.net/article/details/115349682,/resources/images/articles/115349682.png,2021-12-16 08:33:14,
CSDN 博客,武理四年:大二下:计算机数值分析,迭代法求方程的根,https://springbear.blog.csdn.net/article/details/115337016,/resources/images/articles/115337016.png,2021-12-16 08:33:05,
CSDN 博客,武理四年:大二下:计算机数值分析,二分查找求根法,https://springbear.blog.csdn.net/article/details/115257058,/resources/images/articles/115257058.png,2021-12-16 08:33:35,
CSDN 博客,武理四年:大二下:可视化编程,类的继承-子父类方法的调用,https://springbear.blog.csdn.net/article/details/115216658,/resources/images/articles/115216658.png,2021-12-16 08:34:16,
CSDN 博客,武理四年:大二下:可视化编程,计算阶乘和,https://springbear.blog.csdn.net/article/details/115216470,/resources/images/articles/115216470.png,2021-12-16 08:33:52,
CSDN 博客,武理四年:大二下:可视化编程,故宫博物院售票系统,https://springbear.blog.csdn.net/article/details/115216551,/resources/images/articles/115216551.png,2021-12-16 08:34:06,
CSDN 博客,武理四年:大二上:面向对象与多线程综合实验,数据挖掘系统,https://springbear.blog.csdn.net/article/details/115590718,/resources/images/articles/115590718.png,2021-12-15 08:07:30,
CSDN 博客,武理四年:大二上:数据结构,基于二叉树的家谱系统,https://springbear.blog.csdn.net/article/details/115330782,/resources/images/articles/115330782.png,2021-12-16 08:34:25,
CSDN 博客,武理四年:大二上:数据结构,Hash 查找算法设计,https://springbear.blog.csdn.net/article/details/115330945,/resources/images/articles/115330945.png,2021-12-16 08:33:44,
CSDN 博客,武理四年:大二上:大学物理实验,计算不确定度,https://springbear.blog.csdn.net/article/details/115310325,/resources/images/articles/115310325.png,2021-04-01 20:08:56,
CSDN 博客,武理四年:大一下:面向对象程序设计,双计时器,https://springbear.blog.csdn.net/article/details/116278310,/resources/images/articles/116278310.png,2021-12-15 08:08:08,
CSDN 博客,武理四年:大一下:计算机基础与编程综合实验,计费管理系统,https://springbear.blog.csdn.net/article/details/115588437,/resources/images/articles/115588437.png,2021-12-15 08:06:21,
CSDN 博客,刷题记录:C语言程序设计实验与习题指导(第3版),实验11-1-9 藏尾诗,https://springbear.blog.csdn.net/article/details/117837813,/resources/images/articles/117837813.png,2021-06-12 08:31:52,
CSDN 博客,刷题记录:C语言程序设计实验与习题指导(第3版),实验11-1-7 藏头诗,https://springbear.blog.csdn.net/article/details/117837795,/resources/images/articles/117837795.png,2021-06-12 08:30:16,
CSDN 博客,刷题记录:C语言程序设计实验与习题指导(第3版),实验11-1-1 英文单词排序,https://springbear.blog.csdn.net/article/details/117837765,/resources/images/articles/117837765.png,2021-06-12 08:28:47,
CSDN 博客,刷题记录:C语言程序设计实验与习题指导(第3版),实验10-1 圆形体体积计算器,https://springbear.blog.csdn.net/article/details/117837674,/resources/images/articles/117837674.png,2021-06-12 08:27:16,
CSDN 博客,刷题记录:C语言程序设计实验与习题指导(第3版),实验9-10 平面向量加法,https://springbear.blog.csdn.net/article/details/117837619,/resources/images/articles/117837619.png,2021-06-12 08:22:19,
CSDN 博客,刷题记录:C语言程序设计实验与习题指导(第3版),实验9-9 有理数比较,https://springbear.blog.csdn.net/article/details/117837563,/resources/images/articles/117837563.png,2021-06-12 08:18:20,
CSDN 博客,刷题记录:C语言程序设计实验与习题指导(第3版),实验9-8 通讯录排序,https://springbear.blog.csdn.net/article/details/117837525,/resources/images/articles/117837525.png,2021-06-12 08:16:01,
CSDN 博客,刷题记录:C语言程序设计实验与习题指导(第3版),实验9-7 找出总分最高的学生,https://springbear.blog.csdn.net/article/details/117837453,/resources/images/articles/117837453.png,2021-06-12 08:14:13,
CSDN 博客,刷题记录:C语言程序设计实验与习题指导(第3版),实验9-5 查找书籍,https://springbear.blog.csdn.net/article/details/117808851,/resources/images/articles/117808851.png,2021-06-11 10:48:29,
CSDN 博客,刷题记录:C语言程序设计实验与习题指导(第3版),实验9-3 计算平均成绩,https://springbear.blog.csdn.net/article/details/117808762,/resources/images/articles/117808762.png,2021-06-11 10:46:16,
CSDN 博客,刷题记录:C语言程序设计实验与习题指导(第3版),实验9-2 时间换算,https://springbear.blog.csdn.net/article/details/117808584,/resources/images/articles/117808584.png,2021-06-11 10:44:06,
CSDN 博客,刷题记录:C语言程序设计实验与习题指导(第3版),实验9-1 计算职工工资,https://springbear.blog.csdn.net/article/details/117808462,/resources/images/articles/117808462.png,2021-06-11 10:40:26,
CSDN 博客,刷题记录:C语言程序设计实验与习题指导(第3版),实验8-2-10 IP地址转换,https://springbear.blog.csdn.net/article/details/117808380,/resources/images/articles/117808380.png,2021-06-11 10:37:45,
CSDN 博客,刷题记录:C语言程序设计实验与习题指导(第3版),实验8-2-8 字符串排序,https://springbear.blog.csdn.net/article/details/117808281,/resources/images/articles/117808281.png,2021-06-11 10:35:47,
CSDN 博客,刷题记录:C语言程序设计实验与习题指导(第3版),实验8-2-2 找最长的字符串,https://springbear.blog.csdn.net/article/details/117808149,/resources/images/articles/117808149.png,2021-06-11 10:33:32,
CSDN 博客,刷题记录:C语言程序设计实验与习题指导(第3版),实验8-2-1 找最小的字符串,https://springbear.blog.csdn.net/article/details/117808050,/resources/images/articles/117808050.png,2021-06-11 10:31:16,
CSDN 博客,刷题记录:C语言程序设计实验与习题指导(第3版),实验8-1-9 输出学生成绩,https://springbear.blog.csdn.net/article/details/117807955,/resources/images/articles/117807955.png,2021-06-11 10:28:41,
CSDN 博客,刷题记录:C语言程序设计实验与习题指导(第3版),实验7-3-10 删除重复字符,https://springbear.blog.csdn.net/article/details/117807794,/resources/images/articles/117807794.png,2021-06-11 10:25:25,
CSDN 博客,刷题记录:C语言程序设计实验与习题指导(第3版),实验7-3-9 字符串字母大小写转换,https://springbear.blog.csdn.net/article/details/117765023,/resources/images/articles/117765023.png,2021-06-10 07:40:14,
CSDN 博客,刷题记录:C语言程序设计实验与习题指导(第3版),实验7-3-8 统计字符出现次数,https://springbear.blog.csdn.net/article/details/117764984,/resources/images/articles/117764984.png,2021-06-10 07:38:27,
CSDN 博客,刷题记录:C语言程序设计实验与习题指导(第3版),实验7-3-7 字符转换,https://springbear.blog.csdn.net/article/details/117764946,/resources/images/articles/117764946.png,2021-06-10 07:36:22,
CSDN 博客,刷题记录:C语言程序设计实验与习题指导(第3版),实验7-3-6 字符串转换成十进制整数,https://springbear.blog.csdn.net/article/details/117727233,/resources/images/articles/117727233.png,2021-06-09 07:03:57,
CSDN 博客,刷题记录:C语言程序设计实验与习题指导(第3版),实验7-3-5 输出大写英文字母,https://springbear.blog.csdn.net/article/details/117727184,/resources/images/articles/117727184.png,2021-06-09 07:02:01,
CSDN 博客,刷题记录:C语言程序设计实验与习题指导(第3版),实验7-3-4 字符串替换,https://springbear.blog.csdn.net/article/details/117727144,/resources/images/articles/117727144.png,2021-06-09 07:00:18,
CSDN 博客,刷题记录:C语言程序设计实验与习题指导(第3版),实验7-3-3 统计大写辅音字母,https://springbear.blog.csdn.net/article/details/117727056,/resources/images/articles/117727056.png,2021-06-09 06:56:45,
CSDN 博客,刷题记录:C语言程序设计实验与习题指导(第3版),实验7-3-2 查找指定字符,https://springbear.blog.csdn.net/article/details/117727024,/resources/images/articles/117727024.png,2021-06-09 06:54:50,
CSDN 博客,刷题记录:C语言程序设计实验与习题指导(第3版),实验7-3-1 字符串逆序,https://springbear.blog.csdn.net/article/details/117726969,/resources/images/articles/117726969.png,2021-06-09 06:53:06,
CSDN 博客,刷题记录:C语言程序设计实验与习题指导(第3版),实验7-2-10 简易连连看,https://springbear.blog.csdn.net/article/details/117726858,/resources/images/articles/117726858.png,2021-06-09 06:51:15,
CSDN 博客,刷题记录:C语言程序设计实验与习题指导(第3版),实验7-2-9 螺旋方阵,https://springbear.blog.csdn.net/article/details/117726821,/resources/images/articles/117726821.png,2021-06-09 06:47:03,
CSDN 博客,刷题记录:C语言程序设计实验与习题指导(第3版),实验7-2-8 找鞍点,https://springbear.blog.csdn.net/article/details/117726753,/resources/images/articles/117726753.png,2021-06-09 06:44:51,
CSDN 博客,刷题记录:C语言程序设计实验与习题指导(第3版),实验7-2-7 方阵循环右移,https://springbear.blog.csdn.net/article/details/117726703,/resources/images/articles/117726703.png,2021-06-09 06:42:26,
CSDN 博客,刷题记录:C语言程序设计实验与习题指导(第3版),实验7-2-6 打印杨辉三角,https://springbear.blog.csdn.net/article/details/117689126,/resources/images/articles/117689126.png,2021-06-08 09:15:53,
CSDN 博客,刷题记录:C语言程序设计实验与习题指导(第3版),实验7-2-5 判断上三角矩阵,https://springbear.blog.csdn.net/article/details/117689040,/resources/images/articles/117689040.png,2021-06-08 09:14:01,
CSDN 博客,刷题记录:C语言程序设计实验与习题指导(第3版),实验7-2-4 计算天数,https://springbear.blog.csdn.net/article/details/117688983,/resources/images/articles/117688983.png,2021-06-08 09:12:02,
CSDN 博客,刷题记录:C语言程序设计实验与习题指导(第3版),实验7-2-3 求矩阵的局部极大值,https://springbear.blog.csdn.net/article/details/117688782,/resources/images/articles/117688782.png,2021-06-08 09:07:55,
CSDN 博客,刷题记录:C语言程序设计实验与习题指导(第3版),实验7-2-2 矩阵运算,https://springbear.blog.csdn.net/article/details/117686338,/resources/images/articles/117686338.png,2021-06-08 08:00:59,
CSDN 博客,刷题记录:C语言程序设计实验与习题指导(第3版),实验7-2-1 求矩阵各行元素之和,https://springbear.blog.csdn.net/article/details/117686226,/resources/images/articles/117686226.png,2021-06-08 07:58:59,
CSDN 博客,刷题记录:C语言程序设计实验与习题指导(第3版),实验7-1-13 装箱问题,https://springbear.blog.csdn.net/article/details/117686016,/resources/images/articles/117686016.png,2021-06-08 07:55:34,
CSDN 博客,刷题记录:C语言程序设计实验与习题指导(第3版),实验7-1-12 组个最小数,https://springbear.blog.csdn.net/article/details/117685880,/resources/images/articles/117685880.png,2021-06-08 07:50:44,
CSDN 博客,刷题记录:C语言程序设计实验与习题指导(第3版),实验7-1-11 求整数序列中出现次数最多的数,https://springbear.blog.csdn.net/article/details/117685830,/resources/images/articles/117685830.png,2021-06-08 07:48:40,
CSDN 博客,刷题记录:C语言程序设计实验与习题指导(第3版),实验7-1-10 交换最小值和最大值,https://springbear.blog.csdn.net/article/details/117685670,/resources/images/articles/117685670.png,2021-06-08 07:46:44,
CSDN 博客,刷题记录:C语言程序设计实验与习题指导(第3版),实验7-1-9 数字加密,https://springbear.blog.csdn.net/article/details/117646578,/resources/images/articles/117646578.png,2021-06-07 07:15:16,
CSDN 博客,刷题记录:C语言程序设计实验与习题指导(第3版),实验7-1-8 输出数组元素,https://springbear.blog.csdn.net/article/details/117646550,/resources/images/articles/117646550.png,2021-06-07 07:13:12,
CSDN 博客,刷题记录:C语言程序设计实验与习题指导(第3版),实验7-1-7 查找整数,https://springbear.blog.csdn.net/article/details/117646497,/resources/images/articles/117646497.png,2021-06-07 07:10:24,
CSDN 博客,刷题记录:C语言程序设计实验与习题指导(第3版),实验7-1-6 求一批整数中出现最多的个位数字,https://springbear.blog.csdn.net/article/details/117646430,/resources/images/articles/117646430.png,2021-06-07 07:08:17,
CSDN 博客,刷题记录:C语言程序设计实验与习题指导(第3版),实验7-1-5 选择法排序,https://springbear.blog.csdn.net/article/details/117646423,/resources/images/articles/117646423.png,2021-06-07 07:06:11,
CSDN 博客,刷题记录:C语言程序设计实验与习题指导(第3版),实验7-1-4 找出不是两个数组共有的元素,https://springbear.blog.csdn.net/article/details/117646373,/resources/images/articles/117646373.png,2021-06-07 07:04:01,
CSDN 博客,刷题记录:C语言程序设计实验与习题指导(第3版),实验7-1-3 将数组中的数逆序存放,https://springbear.blog.csdn.net/article/details/117646337,/resources/images/articles/117646337.png,2021-06-07 07:01:58,
CSDN 博客,刷题记录:C语言程序设计实验与习题指导(第3版),实验7-1-2 求最大值及其下标,https://springbear.blog.csdn.net/article/details/117646309,/resources/images/articles/117646309.png,2021-06-07 07:00:07,
CSDN 博客,刷题记录:C语言程序设计实验与习题指导(第3版),实验7-1-1 简化的插入排序,https://springbear.blog.csdn.net/article/details/117646268,/resources/images/articles/117646268.png,2021-06-07 06:57:58,
CSDN 博客,刷题记录:C语言程序设计实验与习题指导(第3版),实验6-9 统计一行文本的单词个数,https://springbear.blog.csdn.net/article/details/117646266,/resources/images/articles/117646266.png,2021-06-07 06:55:17,
CSDN 博客,刷题记录:C语言程序设计实验与习题指导(第3版),实验6-8 简单计算器,https://springbear.blog.csdn.net/article/details/117637407,/resources/images/articles/117637407.png,2021-06-06 21:57:22,
CSDN 博客,刷题记录:C语言程序设计实验与习题指导(第3版),实验6-1 近似求PI,https://springbear.blog.csdn.net/article/details/117637366,/resources/images/articles/117637366.png,2021-06-06 21:53:49,
CSDN 博客,刷题记录:C语言程序设计实验与习题指导(第3版),实验4-2-9 梅森数,https://springbear.blog.csdn.net/article/details/117637336,/resources/images/articles/117637336.png,2021-06-06 21:51:27,
CSDN 博客,刷题记录:C语言程序设计实验与习题指导(第3版),实验4-2-8 输出整数各位数字,https://springbear.blog.csdn.net/article/details/117637311,/resources/images/articles/117637311.png,2021-06-06 21:48:20,
CSDN 博客,刷题记录:C语言程序设计实验与习题指导(第3版),实验4-2-7 找完数,https://springbear.blog.csdn.net/article/details/117637270,/resources/images/articles/117637270.png,2021-06-06 21:46:12,
CSDN 博客,刷题记录:C语言程序设计实验与习题指导(第3版),实验4-2-6 输出三角形字符阵列,https://springbear.blog.csdn.net/article/details/117637240,/resources/images/articles/117637240.png,2021-06-06 21:43:35,
CSDN 博客,刷题记录:C语言程序设计实验与习题指导(第3版),实验4-2-5 水仙花数,https://springbear.blog.csdn.net/article/details/117637175,/resources/images/articles/117637175.png,2021-06-06 21:41:20,
CSDN 博客,刷题记录:C语言程序设计实验与习题指导(第3版),实验4-2-4 换硬币,https://springbear.blog.csdn.net/article/details/117637142,/resources/images/articles/117637142.png,2021-06-06 21:38:34,
CSDN 博客,刷题记录:C语言程序设计实验与习题指导(第3版),实验4-2-3 验证“哥德巴赫猜想”,https://springbear.blog.csdn.net/article/details/117637096,/resources/images/articles/117637096.png,2021-06-06 21:36:29,
CSDN 博客,刷题记录:C语言程序设计实验与习题指导(第3版),实验4-2-2 求e的近似值,https://springbear.blog.csdn.net/article/details/117637058,/resources/images/articles/117637058.png,2021-06-06 21:33:24,
CSDN 博客,刷题记录:C语言程序设计实验与习题指导(第3版),实验4-1-12 黑洞数,https://springbear.blog.csdn.net/article/details/117586013,/resources/images/articles/117586013.png,2021-06-05 09:13:12,
CSDN 博客,刷题记录:C语言程序设计实验与习题指导(第3版),实验4-1-11 高空坠球,https://springbear.blog.csdn.net/article/details/117585954,/resources/images/articles/117585954.png,2021-06-05 09:11:02,
CSDN 博客,刷题记录:C语言程序设计实验与习题指导(第3版),实验4-1-10 兔子繁衍问题,https://springbear.blog.csdn.net/article/details/117585854,/resources/images/articles/117585854.png,2021-06-05 09:08:50,
CSDN 博客,刷题记录:C语言程序设计实验与习题指导(第3版),实验4-1-9 猜数字游戏,https://springbear.blog.csdn.net/article/details/117585783,/resources/images/articles/117585783.png,2021-06-05 09:06:08,
CSDN 博客,刷题记录:C语言程序设计实验与习题指导(第3版),实验4-1-8 求给定精度的简单交错序列部分和,https://springbear.blog.csdn.net/article/details/117585703,/resources/images/articles/117585703.png,2021-06-05 09:03:46,
CSDN 博客,刷题记录:C语言程序设计实验与习题指导(第3版),实验4-1-7 特殊a串数列求和,https://springbear.blog.csdn.net/article/details/117585635,/resources/images/articles/117585635.png,2021-06-05 09:00:48,
CSDN 博客,刷题记录:C语言程序设计实验与习题指导(第3版),实验4-1-6 求分数序列前N项和,https://springbear.blog.csdn.net/article/details/117585588,/resources/images/articles/117585588.png,2021-06-05 08:58:39,
CSDN 博客,刷题记录:C语言程序设计实验与习题指导(第3版),实验4-1-5 韩信点兵,https://springbear.blog.csdn.net/article/details/117585552,/resources/images/articles/117585552.png,2021-06-05 08:56:50,
CSDN 博客,刷题记录:C语言程序设计实验与习题指导(第3版),实验4-1-4 求整数的位数及各位数字之和,https://springbear.blog.csdn.net/article/details/117585451,/resources/images/articles/117585451.png,2021-06-05 08:54:36,
CSDN 博客,刷题记录:C语言程序设计实验与习题指导(第3版),实验4-1-3 找出最小值,https://springbear.blog.csdn.net/article/details/117585403,/resources/images/articles/117585403.png,2021-06-05 08:51:59,
CSDN 博客,刷题记录:C语言程序设计实验与习题指导(第3版),实验4-1-2 求奇数和,https://springbear.blog.csdn.net/article/details/117574255,/resources/images/articles/117574255.png,2021-06-04 22:19:15,
CSDN 博客,刷题记录:C语言程序设计实验与习题指导(第3版),实验4-1-1 最大公约数和最小公倍数,https://springbear.blog.csdn.net/article/details/117574207,/resources/images/articles/117574207.png,2021-06-04 22:17:22,
CSDN 博客,刷题记录:C语言程序设计实验与习题指导(第3版),实验3-11 计算油费,https://springbear.blog.csdn.net/article/details/117574195,/resources/images/articles/117574195.png,2021-06-04 22:15:01,
CSDN 博客,刷题记录:C语言程序设计实验与习题指导(第3版),实验3-10 高速公路超速处罚,https://springbear.blog.csdn.net/article/details/117574169,/resources/images/articles/117574169.png,2021-06-04 22:13:01,
CSDN 博客,刷题记录:C语言程序设计实验与习题指导(第3版),实验3-9 三天打鱼两天晒网,https://springbear.blog.csdn.net/article/details/117574136,/resources/images/articles/117574136.png,2021-06-04 22:10:50,
CSDN 博客,刷题记录:C语言程序设计实验与习题指导(第3版),实验3-8 输出三角形面积和周长,https://springbear.blog.csdn.net/article/details/117574107,/resources/images/articles/117574107.png,2021-06-04 22:08:54,
CSDN 博客,刷题记录:C语言程序设计实验与习题指导(第3版),实验3-7 统计学生成绩,https://springbear.blog.csdn.net/article/details/117574075,/resources/images/articles/117574075.png,2021-06-04 22:06:09,
CSDN 博客,刷题记录:C语言程序设计实验与习题指导(第3版),实验3-6 计算个人所得税,https://springbear.blog.csdn.net/article/details/117574035,/resources/images/articles/117574035.png,2021-06-04 22:04:07,
CSDN 博客,刷题记录:C语言程序设计实验与习题指导(第3版),实验3-5 查询水果价格,https://springbear.blog.csdn.net/article/details/117573964,/resources/images/articles/117573964.png,2021-06-04 22:00:45,
CSDN 博客,刷题记录:C语言程序设计实验与习题指导(第3版),实验3-4 统计字符,https://springbear.blog.csdn.net/article/details/117573919,/resources/images/articles/117573919.png,2021-06-04 21:55:20,
CSDN 博客,刷题记录:C语言程序设计实验与习题指导(第3版),实验3-3 比较大小,https://springbear.blog.csdn.net/article/details/117533453,/resources/images/articles/117533453.png,2021-06-03 20:00:56,
CSDN 博客,刷题记录:C语言程序设计实验与习题指导(第3版),实验3-2 计算符号函数的值,https://springbear.blog.csdn.net/article/details/117533395,/resources/images/articles/117533395.png,2021-06-03 19:58:05,
CSDN 博客,刷题记录:C语言程序设计实验与习题指导(第3版),实验3-1 求一元二次方程的根,https://springbear.blog.csdn.net/article/details/117533333,/resources/images/articles/117533333.png,2021-06-03 19:54:54,
CSDN 博客,刷题记录:C语言程序设计实验与习题指导(第3版),实验2-4-7 求组合数,https://springbear.blog.csdn.net/article/details/117533257,/resources/images/articles/117533257.png,2021-06-03 19:50:58,
CSDN 博客,刷题记录:C语言程序设计实验与习题指导(第3版),实验2-4-6 求幂之和,https://springbear.blog.csdn.net/article/details/117533176,/resources/images/articles/117533176.png,2021-06-03 19:46:25,
CSDN 博客,刷题记录:C语言程序设计实验与习题指导(第3版),实验2-4-4 求阶乘序列前N项和,https://springbear.blog.csdn.net/article/details/117533100,/resources/images/articles/117533100.png,2021-06-03 19:43:13,
CSDN 博客,刷题记录:C语言程序设计实验与习题指导(第3版),实验2-4-3 求平方根序列前N项和,https://springbear.blog.csdn.net/article/details/117533045,/resources/images/articles/117533045.png,2021-06-03 19:39:24,
CSDN 博客,刷题记录:C语言程序设计实验与习题指导(第3版),实验2-4-2 生成3的乘方表,https://springbear.blog.csdn.net/article/details/117532968,/resources/images/articles/117532968.png,2021-06-03 19:36:04,
CSDN 博客,刷题记录:C语言程序设计实验与习题指导(第3版),实验2-3-7 求平方与倒数序列的部分和,https://springbear.blog.csdn.net/article/details/117532899,/resources/images/articles/117532899.png,2021-06-03 19:32:57,
CSDN 博客,刷题记录:C语言程序设计实验与习题指导(第3版),实验2-3-6 求交错序列前N项和,https://springbear.blog.csdn.net/article/details/117532795,/resources/images/articles/117532795.png,2021-06-03 19:28:52,
CSDN 博客,刷题记录:C语言程序设计实验与习题指导(第3版),实验2-3-5 输出华氏-摄氏温度转换表,https://springbear.blog.csdn.net/article/details/117473623,/resources/images/articles/117473623.png,2021-06-02 16:39:06,
CSDN 博客,刷题记录:C语言程序设计实验与习题指导(第3版),实验2-3-4 求简单交错序列前N项和,https://springbear.blog.csdn.net/article/details/117473429,/resources/images/articles/117473429.png,2021-06-02 16:36:44,
CSDN 博客,刷题记录:C语言程序设计实验与习题指导(第3版),实验2-3-3 求奇数分之一序列前N项和,https://springbear.blog.csdn.net/article/details/117473346,/resources/images/articles/117473346.png,2021-06-02 16:33:07,
CSDN 博客,刷题记录:C语言程序设计实验与习题指导(第3版),实验2-3-2 求N分之一序列前N项和,https://springbear.blog.csdn.net/article/details/117473261,/resources/images/articles/117473261.png,2021-06-02 16:31:40,
CSDN 博客,刷题记录:C语言程序设计实验与习题指导(第3版),实验2-3-1 求1到100的和,https://springbear.blog.csdn.net/article/details/117473235,/resources/images/articles/117473235.png,2021-06-02 16:30:00,
CSDN 博客,刷题记录:C语言程序设计实验与习题指导(第3版),实验2-2-9 计算火车运行时间,https://springbear.blog.csdn.net/article/details/117473088,/resources/images/articles/117473088.png,2021-06-02 16:28:20,
CSDN 博客,刷题记录:C语言程序设计实验与习题指导(第3版),实验2-2-8 阶梯电价,https://springbear.blog.csdn.net/article/details/117472920,/resources/images/articles/117472920.png,2021-06-02 16:26:01,
CSDN 博客,刷题记录:C语言程序设计实验与习题指导(第3版),实验2-2-7 整数四则运算,https://springbear.blog.csdn.net/article/details/117472843,/resources/images/articles/117472843.png,2021-06-02 16:22:17,
CSDN 博客,刷题记录:C语言程序设计实验与习题指导(第3版),实验2-2-6 计算分段函数[3],https://springbear.blog.csdn.net/article/details/117472788,/resources/images/articles/117472788.png,2021-06-02 16:20:37,
CSDN 博客,刷题记录:C语言程序设计实验与习题指导(第3版),实验2-2-5 求整数均值,https://springbear.blog.csdn.net/article/details/117472582,/resources/images/articles/117472582.png,2021-06-02 16:16:55,
CSDN 博客,刷题记录:C语言程序设计实验与习题指导(第3版),实验2-2-4 计算分段函数[2],https://springbear.blog.csdn.net/article/details/117434153,/resources/images/articles/117434153.png,2021-06-01 08:30:27,
CSDN 博客,刷题记录:C语言程序设计实验与习题指导(第3版),实验2-2-3 计算存款利息,https://springbear.blog.csdn.net/article/details/117434132,/resources/images/articles/117434132.png,2021-06-01 08:27:43,
CSDN 博客,刷题记录:C语言程序设计实验与习题指导(第3版),实验2-2-2 计算摄氏温度,https://springbear.blog.csdn.net/article/details/117434126,/resources/images/articles/117434126.png,2021-06-01 08:25:07,
CSDN 博客,刷题记录:C语言程序设计实验与习题指导(第3版),实验2-2-1 计算分段函数[1],https://springbear.blog.csdn.net/article/details/117434103,/resources/images/articles/117434103.png,2021-06-01 08:23:23,
CSDN 博客,刷题记录:C语言程序设计实验与习题指导(第3版),实验2-1-7 整数152的各位数字,https://springbear.blog.csdn.net/article/details/117434091,/resources/images/articles/117434091.png,2021-06-01 08:20:20,
CSDN 博客,刷题记录:C语言程序设计实验与习题指导(第3版),实验2-1-6 计算华氏温度,https://springbear.blog.csdn.net/article/details/117434077,/resources/images/articles/117434077.png,2021-06-01 08:18:41,
CSDN 博客,刷题记录:C语言程序设计实验与习题指导(第3版),实验2-1-5 将x的平方赋值给y,https://springbear.blog.csdn.net/article/details/117434072,/resources/images/articles/117434072.png,2021-06-01 08:16:33,
CSDN 博客,刷题记录:C语言程序设计实验与习题指导(第3版),实验2-1-4 计算平均分,https://springbear.blog.csdn.net/article/details/117434067,/resources/images/articles/117434067.png,2021-06-01 08:14:57,
CSDN 博客,刷题记录:C语言程序设计实验与习题指导(第3版),实验2-1-3 计算物体自由下落的距离,https://springbear.blog.csdn.net/article/details/117434056,/resources/images/articles/117434056.png,2021-06-01 08:13:24,
CSDN 博客,刷题记录:C语言程序设计实验与习题指导(第3版),实验2-1-2 温度转换,https://springbear.blog.csdn.net/article/details/117434051,/resources/images/articles/117434051.png,2021-06-01 08:11:21,
CSDN 博客,刷题记录:C语言程序设计实验与习题指导(第3版),实验2-1-1 计算摄氏温度,https://springbear.blog.csdn.net/article/details/117409545,/resources/images/articles/117409545.png,2021-05-31 09:03:54,
CSDN 博客,刷题记录:C语言程序设计实验与习题指导(第3版),实验1-8 输出倒三角图案,https://springbear.blog.csdn.net/article/details/117409500,/resources/images/articles/117409500.png,2021-05-31 09:01:57,
CSDN 博客,刷题记录:C语言程序设计实验与习题指导(第3版),实验1-7 What is a computer?,https://springbear.blog.csdn.net/article/details/117409479,/resources/images/articles/117409479.png,2021-05-31 08:57:54,
CSDN 博客,刷题记录:C语言程序设计实验与习题指导(第3版),实验1-6 输出带框文字,https://springbear.blog.csdn.net/article/details/117409459,/resources/images/articles/117409459.png,2021-05-31 08:56:08,
CSDN 博客,刷题记录:C语言程序设计实验与习题指导(第3版),实验1-5 输出菱形图案,https://springbear.blog.csdn.net/article/details/117409441,/resources/images/articles/117409441.png,2021-05-31 08:54:30,
CSDN 博客,刷题记录:C语言程序设计实验与习题指导(第3版),实验1-4 输出三角形,https://springbear.blog.csdn.net/article/details/117409428,/resources/images/articles/117409428.png,2021-05-31 08:52:56,
CSDN 博客,刷题记录:C语言程序设计实验与习题指导(第3版),实验1-3 Programming in C is fun!,https://springbear.blog.csdn.net/article/details/117409408,/resources/images/articles/117409408.png,2021-05-31 08:51:36,
CSDN 博客,刷题记录:C语言程序设计实验与习题指导(第3版),实验1-2 Welcome to You!,https://springbear.blog.csdn.net/article/details/117409399,/resources/images/articles/117409399.png,2021-05-31 08:50:11,
CSDN 博客,刷题记录:C语言程序设计实验与习题指导(第3版),实验1-1 Hello World!,https://springbear.blog.csdn.net/article/details/117409378,/resources/images/articles/117409378.png,2021-05-31 08:48:49,
CSDN 博客,刷题记录:C语言程序设计实验与习题指导(第3版),实验11-2-9 链表逆置,https://springbear.blog.csdn.net/article/details/117409332,/resources/images/articles/117409332.png,2021-05-31 08:46:25,
CSDN 博客,刷题记录:C语言程序设计实验与习题指导(第3版),实验11-2-8 单链表结点删除,https://springbear.blog.csdn.net/article/details/117407455,/resources/images/articles/117407455.png,2021-05-30 22:57:26,
CSDN 博客,刷题记录:C语言程序设计实验与习题指导(第3版),实验11-2-7 统计专业人数,https://springbear.blog.csdn.net/article/details/117407436,/resources/images/articles/117407436.png,2021-05-30 22:55:16,
CSDN 博客,刷题记录:C语言程序设计实验与习题指导(第3版),实验11-2-6 奇数值结点链表,https://springbear.blog.csdn.net/article/details/117407222,/resources/images/articles/117407222.png,2021-05-30 22:43:05,
CSDN 博客,刷题记录:C语言程序设计实验与习题指导(第3版),实验11-2-5 链表拼接,https://springbear.blog.csdn.net/article/details/117407171,/resources/images/articles/117407171.png,2021-05-30 22:39:00,
CSDN 博客,刷题记录:C语言程序设计实验与习题指导(第3版),实验11-2-4 删除单链表偶数节点,https://springbear.blog.csdn.net/article/details/117387683,/resources/images/articles/117387683.png,2021-05-29 16:41:52,
CSDN 博客,刷题记录:C语言程序设计实验与习题指导(第3版),实验11-2-3 逆序数据建立链表,https://springbear.blog.csdn.net/article/details/117387324,/resources/images/articles/117387324.png,2021-05-29 16:20:59,
CSDN 博客,刷题记录:C语言程序设计实验与习题指导(第3版),实验11-2-2 学生成绩链表处理,https://springbear.blog.csdn.net/article/details/117386887,/resources/images/articles/117386887.png,2021-05-29 15:58:04,
CSDN 博客,刷题记录:C语言程序设计实验与习题指导(第3版),实验11-2-1 建立学生信息链表,https://springbear.blog.csdn.net/article/details/117351275,/resources/images/articles/117351275.png,2021-05-28 09:08:20,
CSDN 博客,刷题记录:C语言程序设计实验与习题指导(第3版),实验11-1-8 查找子串,https://springbear.blog.csdn.net/article/details/117349127,/resources/images/articles/117349127.png,2021-05-28 07:45:23,
CSDN 博客,刷题记录:C语言程序设计实验与习题指导(第3版),实验11-1-6 指定位置输出字符串,https://springbear.blog.csdn.net/article/details/117349024,/resources/images/articles/117349024.png,2021-05-28 07:39:09,
CSDN 博客,刷题记录:C语言程序设计实验与习题指导(第3版),实验11-1-4 计算最长的字符串长度,https://springbear.blog.csdn.net/article/details/117349098,/resources/images/articles/117349098.png,2021-05-28 07:42:47,
CSDN 博客,刷题记录:C语言程序设计实验与习题指导(第3版),实验11-1-3 查找星期,https://springbear.blog.csdn.net/article/details/117348956,/resources/images/articles/117348956.png,2021-05-28 07:35:51,
CSDN 博客,刷题记录:C语言程序设计实验与习题指导(第3版),实验11-1-2 输出月份英文名,https://springbear.blog.csdn.net/article/details/117348865,/resources/images/articles/117348865.png,2021-05-28 07:31:17,
CSDN 博客,刷题记录:C语言程序设计实验与习题指导(第3版),实验10-10 递归实现顺序输出整数,https://springbear.blog.csdn.net/article/details/117316457,/resources/images/articles/117316457.png,2021-05-27 06:44:56,
CSDN 博客,刷题记录:C语言程序设计实验与习题指导(第3版),实验10-9 十进制转换二进制,https://springbear.blog.csdn.net/article/details/117316399,/resources/images/articles/117316399.png,2021-05-27 06:41:44,
CSDN 博客,刷题记录:C语言程序设计实验与习题指导(第3版),实验10-8 递归计算P函数,https://springbear.blog.csdn.net/article/details/117316346,/resources/images/articles/117316346.png,2021-05-27 06:39:17,
CSDN 博客,刷题记录:C语言程序设计实验与习题指导(第3版),实验10-7 递归求Fabonacci数列,https://springbear.blog.csdn.net/article/details/117316266,/resources/images/articles/117316266.png,2021-05-27 06:35:32,
CSDN 博客,刷题记录:C语言程序设计实验与习题指导(第3版),实验10-6 递归计算Ackermenn函数,https://springbear.blog.csdn.net/article/details/117316216,/resources/images/articles/117316216.png,2021-05-27 06:32:36,
CSDN 博客,刷题记录:C语言程序设计实验与习题指导(第3版),实验10-5 递归求简单交错幂级数的部分和,https://springbear.blog.csdn.net/article/details/117316147,/resources/images/articles/117316147.png,2021-05-27 06:29:23,
CSDN 博客,刷题记录:C语言程序设计实验与习题指导(第3版),实验10-4 递归实现指数函数,https://springbear.blog.csdn.net/article/details/117316058,/resources/images/articles/117316058.png,2021-05-27 06:24:50,
CSDN 博客,刷题记录:C语言程序设计实验与习题指导(第3版),实验10-3 递归求阶乘和,https://springbear.blog.csdn.net/article/details/117316015,/resources/images/articles/117316015.png,2021-05-27 06:21:43,
CSDN 博客,刷题记录:C语言程序设计实验与习题指导(第3版),实验10-2 判断满足条件的三位数,https://springbear.blog.csdn.net/article/details/117315941,/resources/images/articles/117315941.png,2021-05-27 06:19:05,
CSDN 博客,刷题记录:C语言程序设计实验与习题指导(第3版),实验9-6 按等级统计学生成绩,https://springbear.blog.csdn.net/article/details/117315858,/resources/images/articles/117315858.png,2021-05-27 06:15:58,
CSDN 博客,刷题记录:C语言程序设计实验与习题指导(第3版),实验9-4 计算两个复数之积,https://springbear.blog.csdn.net/article/details/117276261,/resources/images/articles/117276261.png,2021-05-26 06:42:45,
CSDN 博客,刷题记录:C语言程序设计实验与习题指导(第3版),实验8-2-9 长整数转化成16进制字符串,https://springbear.blog.csdn.net/article/details/117276211,/resources/images/articles/117276211.png,2021-05-26 06:39:37,
CSDN 博客,刷题记录:C语言程序设计实验与习题指导(第3版),实验8-2-7 字符串的连接,https://springbear.blog.csdn.net/article/details/117276160,/resources/images/articles/117276160.png,2021-05-26 06:37:51,
CSDN 博客,刷题记录:C语言程序设计实验与习题指导(第3版),实验8-2-6 分类统计各类字符个数,https://springbear.blog.csdn.net/article/details/117276008,/resources/images/articles/117276008.png,2021-05-26 06:35:33,
CSDN 博客,刷题记录:C语言程序设计实验与习题指导(第3版),实验8-2-5 判断回文字符串,https://springbear.blog.csdn.net/article/details/117275921,/resources/images/articles/117275921.png,2021-05-26 06:27:39,
CSDN 博客,刷题记录:C语言程序设计实验与习题指导(第3版),实验8-2-4 使用函数实现字符串部分复制,https://springbear.blog.csdn.net/article/details/117275862,/resources/images/articles/117275862.png,2021-05-26 06:23:55,
CSDN 博客,刷题记录:C语言程序设计实验与习题指导(第3版),实验8-2-3 删除字符,https://springbear.blog.csdn.net/article/details/117275787,/resources/images/articles/117275787.png,2021-05-26 06:21:08,
CSDN 博客,刷题记录:C语言程序设计实验与习题指导(第3版),实验8-1-8 报数,https://springbear.blog.csdn.net/article/details/117275714,/resources/images/articles/117275714.png,2021-05-26 06:17:59,
CSDN 博客,刷题记录:C语言程序设计实验与习题指导(第3版),实验8-1-7 数组循环右移,https://springbear.blog.csdn.net/article/details/117275582,/resources/images/articles/117275582.png,2021-05-26 06:14:19,
CSDN 博客,刷题记录:C语言程序设计实验与习题指导(第3版),实验8-1-6 函数实现字符串逆序,https://springbear.blog.csdn.net/article/details/117275476,/resources/images/articles/117275476.png,2021-05-26 06:08:12,
CSDN 博客,刷题记录:C语言程序设计实验与习题指导(第3版),实验8-1-5 在数组中查找指定元素,https://springbear.blog.csdn.net/article/details/117244702,/resources/images/articles/117244702.png,2021-05-25 06:43:14,
CSDN 博客,刷题记录:C语言程序设计实验与习题指导(第3版),实验8-1-4 使用函数的选择法排序,https://springbear.blog.csdn.net/article/details/117244652,/resources/images/articles/117244652.png,2021-05-25 06:39:36,
CSDN 博客,刷题记录:C语言程序设计实验与习题指导(第3版),实验8-1-3 拆分实数的整数与小数部分,https://springbear.blog.csdn.net/article/details/117244574,/resources/images/articles/117244574.png,2021-05-25 06:37:00,
CSDN 博客,刷题记录:C语言程序设计实验与习题指导(第3版),实验8-1-2 计算两数的和与差,https://springbear.blog.csdn.net/article/details/117244529,/resources/images/articles/117244529.png,2021-05-25 06:34:44,
CSDN 博客,刷题记录:C语言程序设计实验与习题指导(第3版),实验8-1-1 利用指针找最大值,https://springbear.blog.csdn.net/article/details/117244439,/resources/images/articles/117244439.png,2021-05-25 06:31:22,
CSDN 博客,刷题记录:C语言程序设计实验与习题指导(第3版),实验6-7 使用函数输出一个整数的逆序数,https://springbear.blog.csdn.net/article/details/117244383,/resources/images/articles/117244383.png,2021-05-25 06:28:41,
CSDN 博客,刷题记录:C语言程序设计实验与习题指导(第3版),实验6-6 使用函数验证哥德巴赫猜想,https://springbear.blog.csdn.net/article/details/117244327,/resources/images/articles/117244327.png,2021-05-25 06:25:55,
CSDN 博客,刷题记录:C语言程序设计实验与习题指导(第3版),实验6-5 使用函数输出指定范围内的Fibonacci数,https://springbear.blog.csdn.net/article/details/117244230,/resources/images/articles/117244230.png,2021-05-25 06:23:17,
CSDN 博客,刷题记录:C语言程序设计实验与习题指导(第3版),实验6-4 使用函数输出指定范围内的完数,https://springbear.blog.csdn.net/article/details/117211439,/resources/images/articles/117211439.png,2021-05-25 06:18:39,
CSDN 博客,刷题记录:C语言程序设计实验与习题指导(第3版),实验6-3 使用函数求特殊a串数列和,https://springbear.blog.csdn.net/article/details/117211359,/resources/images/articles/117211359.png,2021-05-24 06:28:02,
CSDN 博客,刷题记录:C语言程序设计实验与习题指导(第3版),实验6-2 分类统计字符个数,https://springbear.blog.csdn.net/article/details/117211310,/resources/images/articles/117211310.png,2021-05-24 06:25:10,
CSDN 博客,刷题记录:C语言程序设计实验与习题指导(第3版),实验5-11 使用函数求最大公约数,https://springbear.blog.csdn.net/article/details/117211242,/resources/images/articles/117211242.png,2021-05-24 06:22:26,
CSDN 博客,刷题记录:C语言程序设计实验与习题指导(第3版),实验5-10 使用函数求余弦函数的近似值,https://springbear.blog.csdn.net/article/details/117211142,/resources/images/articles/117211142.png,2021-05-24 06:19:35,
CSDN 博客,刷题记录:C语言程序设计实验与习题指导(第3版),实验5-9 使用函数输出水仙花数,https://springbear.blog.csdn.net/article/details/117210926,/resources/images/articles/117210926.png,2021-05-24 06:12:39,
CSDN 博客,刷题记录:C语言程序设计实验与习题指导(第3版),实验5-8 使用函数统计指定数字的个数,https://springbear.blog.csdn.net/article/details/117210838,/resources/images/articles/117210838.png,2021-05-24 06:08:32,
CSDN 博客,刷题记录:C语言程序设计实验与习题指导(第3版),实验5-7 使用函数求1到10的阶乘和,https://springbear.blog.csdn.net/article/details/117210763,/resources/images/articles/117210763.png,2021-05-24 06:05:39,
CSDN 博客,刷题记录:C语言程序设计实验与习题指导(第3版),实验5-6 使用函数判断完全平方数,https://springbear.blog.csdn.net/article/details/117210644,/resources/images/articles/117210644.png,2021-05-24 06:02:50,
CSDN 博客,刷题记录:C语言程序设计实验与习题指导(第3版),实验5-5 使用函数求素数和,https://springbear.blog.csdn.net/article/details/117210542,/resources/images/articles/117210542.png,2021-05-24 05:58:18,
CSDN 博客,刷题记录:C语言程序设计实验与习题指导(第3版),实验5-4 使用函数计算两点间的距离,https://springbear.blog.csdn.net/article/details/117195895,/resources/images/articles/117195895.png,2021-05-24 05:54:27,
CSDN 博客,刷题记录:C语言程序设计实验与习题指导(第3版),实验5-3 使用函数求奇数和,https://springbear.blog.csdn.net/article/details/117195840,/resources/images/articles/117195840.png,2021-05-23 15:30:56,
CSDN 博客,刷题记录:C语言程序设计实验与习题指导(第3版),实验5-2 符号函数,https://springbear.blog.csdn.net/article/details/117195574,/resources/images/articles/117195574.png,2021-05-23 15:12:48,
CSDN 博客,刷题记录:C语言程序设计实验与习题指导(第3版),实验5-1 使用函数计算两个复数之积,https://springbear.blog.csdn.net/article/details/117195503,/resources/images/articles/117195503.png,2021-05-23 15:08:48,
CSDN 博客,刷题记录:C语言程序设计实验与习题指导(第3版),实验2-4-5 简单实现x的n次方,https://springbear.blog.csdn.net/article/details/117192669,/resources/images/articles/117192669.png,2021-05-23 12:15:04,
CSDN 博客,刷题记录:C语言程序设计实验与习题指导(第3版),实验2-4-1 统计各位数字之和是5的数,https://springbear.blog.csdn.net/article/details/117192288,/resources/images/articles/117192288.png,2021-05-23 12:04:49,
CSDN 博客,刷题记录:C语言程序设计(第3版),习题9-5 通讯录排序,https://springbear.blog.csdn.net/article/details/116723455,/resources/images/articles/116723455.png,2021-05-12 22:39:41,
CSDN 博客,刷题记录:C语言程序设计(第3版),习题9-4 查找书籍,https://springbear.blog.csdn.net/article/details/116672028,/resources/images/articles/116672028.png,2021-05-11 21:51:49,
CSDN 博客,刷题记录:C语言程序设计(第3版),习题9-3 平面向量加法,https://springbear.blog.csdn.net/article/details/116670380,/resources/images/articles/116670380.png,2021-05-11 21:12:35,
CSDN 博客,刷题记录:C语言程序设计(第3版),习题9-1 时间换算,https://springbear.blog.csdn.net/article/details/116647990,/resources/images/articles/116647990.png,2021-05-11 11:52:05,
CSDN 博客,刷题记录:C语言程序设计(第3版),习题8-10 输出学生成绩,https://springbear.blog.csdn.net/article/details/116647227,/resources/images/articles/116647227.png,2021-05-11 11:31:59,
CSDN 博客,刷题记录:C语言程序设计(第3版),习题8-7 字符串排序,https://springbear.blog.csdn.net/article/details/116463763,/resources/images/articles/116463763.png,2021-05-06 21:52:50,
CSDN 博客,刷题记录:C语言程序设计(第3版),习题7-8 字符串转换成十进制整数,https://springbear.blog.csdn.net/article/details/116431902,/resources/images/articles/116431902.png,2021-05-05 22:54:46,
CSDN 博客,刷题记录:C语言程序设计(第3版),习题7-7 字符串替换,https://springbear.blog.csdn.net/article/details/116378632,/resources/images/articles/116378632.png,2021-05-03 17:15:29,
CSDN 博客,刷题记录:C语言程序设计(第3版),习题7-6 统计大写辅音字母,https://springbear.blog.csdn.net/article/details/116378343,/resources/images/articles/116378343.png,2021-05-03 16:51:47,
CSDN 博客,刷题记录:C语言程序设计(第3版),习题7-5 找鞍点,https://springbear.blog.csdn.net/article/details/116378127,/resources/images/articles/116378127.png,2021-05-03 16:39:26,
CSDN 博客,刷题记录:C语言程序设计(第3版),习题7-4 求矩阵各行元素之和,https://springbear.blog.csdn.net/article/details/116377555,/resources/images/articles/116377555.png,2021-05-03 15:49:54,
CSDN 博客,刷题记录:C语言程序设计(第3版),习题7-3 判断上三角矩阵,https://springbear.blog.csdn.net/article/details/116377354,/resources/images/articles/116377354.png,2021-05-03 15:33:59,
CSDN 博客,刷题记录:C语言程序设计(第3版),习题7-2 求一批整数中出现最多的个位数字,https://springbear.blog.csdn.net/article/details/116375515,/resources/images/articles/116375515.png,2021-05-03 11:45:16,
CSDN 博客,刷题记录:C语言程序设计(第3版),习题7-1 选择法排序,https://springbear.blog.csdn.net/article/details/116374921,/resources/images/articles/116374921.png,2021-05-03 11:10:42,
CSDN 博客,刷题记录:C语言程序设计(第3版),练习7-11 字符串逆序,https://springbear.blog.csdn.net/article/details/116374248,/resources/images/articles/116374248.png,2021-05-03 10:50:16,
CSDN 博客,刷题记录:C语言程序设计(第3版),练习7-10 查找指定字符,https://springbear.blog.csdn.net/article/details/116373158,/resources/images/articles/116373158.png,2021-05-03 10:19:44,
CSDN 博客,刷题记录:C语言程序设计(第3版),练习7-9 计算天数,https://springbear.blog.csdn.net/article/details/116371820,/resources/images/articles/116371820.png,2021-05-03 09:31:33,
CSDN 博客,刷题记录:C语言程序设计(第3版),练习7-8 方阵循环右移,https://springbear.blog.csdn.net/article/details/116357811,/resources/images/articles/116357811.png,2021-05-02 22:36:09,
CSDN 博客,刷题记录:C语言程序设计(第3版),练习7-7 矩阵运算,https://springbear.blog.csdn.net/article/details/116354739,/resources/images/articles/116354739.png,2021-05-02 16:38:18,
CSDN 博客,刷题记录:C语言程序设计(第3版),练习7-4 找出不是两个数组共有的元素,https://springbear.blog.csdn.net/article/details/116354530,/resources/images/articles/116354530.png,2021-05-02 16:16:22,
CSDN 博客,刷题记录:C语言程序设计(第3版),练习7-3 将数组中的数逆序存放,https://springbear.blog.csdn.net/article/details/116331693,/resources/images/articles/116331693.png,2021-05-01 17:25:13,
CSDN 博客,刷题记录:C语言程序设计(第3版),练习7-2 求最大值及其下标,https://springbear.blog.csdn.net/article/details/116331531,/resources/images/articles/116331531.png,2021-05-01 17:08:55,
CSDN 博客,刷题记录:C语言程序设计(第3版),习题6-8 统计一行文本的单词个数,https://springbear.blog.csdn.net/article/details/116331444,/resources/images/articles/116331444.png,2021-05-01 16:59:30,
CSDN 博客,刷题记录:C语言程序设计(第3版),习题6-7 简单计算器,https://springbear.blog.csdn.net/article/details/116321102,/resources/images/articles/116321102.png,2021-05-01 07:38:37,
CSDN 博客,刷题记录:C语言程序设计(第3版),习题4-11 兔子繁衍问题,https://springbear.blog.csdn.net/article/details/116309305,/resources/images/articles/116309305.png,2021-04-30 21:49:21,
CSDN 博客,刷题记录:C语言程序设计(第3版),习题4-10 猴子吃桃问题,https://springbear.blog.csdn.net/article/details/116292716,/resources/images/articles/116292716.png,2021-04-30 09:26:00,
CSDN 博客,刷题记录:C语言程序设计(第3版),习题4-9 打印菱形图案,https://springbear.blog.csdn.net/article/details/116291773,/resources/images/articles/116291773.png,2021-04-30 09:04:30,
CSDN 博客,刷题记录:C语言程序设计(第3版),习题4-8 高空坠球,https://springbear.blog.csdn.net/article/details/116210859,/resources/images/articles/116210859.png,2021-04-27 21:40:24,
CSDN 博客,刷题记录:C语言程序设计(第3版),习题4-7 最大公约数和最小公倍数,https://springbear.blog.csdn.net/article/details/116209727,/resources/images/articles/116209727.png,2021-04-27 20:46:06,
CSDN 博客,刷题记录:C语言程序设计(第3版),习题4-6 水仙花数,https://springbear.blog.csdn.net/article/details/116135364,/resources/images/articles/116135364.png,2021-04-25 18:25:13,
CSDN 博客,刷题记录:C语言程序设计(第3版),习题4-5 换硬币,https://springbear.blog.csdn.net/article/details/116134534,/resources/images/articles/116134534.png,2021-04-25 17:43:21,
CSDN 博客,刷题记录:C语言程序设计(第3版),习题4-4 特殊a串数列求和,https://springbear.blog.csdn.net/article/details/115920200,/resources/images/articles/115920200.png,2021-04-20 21:58:48,
CSDN 博客,刷题记录:C语言程序设计(第3版),习题4-3 求分数序列前N项和,https://springbear.blog.csdn.net/article/details/115914375,/resources/images/articles/115914375.png,2021-04-20 19:27:01,
CSDN 博客,刷题记录:C语言程序设计(第3版),习题4-2 求幂级数展开的部分和,https://springbear.blog.csdn.net/article/details/115916509,/resources/images/articles/115916509.png,2021-04-20 19:26:26,
CSDN 博客,刷题记录:C语言程序设计(第3版),习题4-1 求奇数和,https://springbear.blog.csdn.net/article/details/115801439,/resources/images/articles/115801439.png,2021-04-17 21:01:25,
CSDN 博客,刷题记录:C语言程序设计(第3版),练习4-11 统计素数并求和,https://springbear.blog.csdn.net/article/details/115801191,/resources/images/articles/115801191.png,2021-04-17 20:36:32,
CSDN 博客,刷题记录:C语言程序设计(第3版),练习4-10 找出最小值,https://springbear.blog.csdn.net/article/details/115560731,/resources/images/articles/115560731.png,2021-04-09 22:16:32,
CSDN 博客,刷题记录:C语言程序设计(第3版),练习4-7 求e的近似值,https://springbear.blog.csdn.net/article/details/115560262,/resources/images/articles/115560262.png,2021-04-09 21:50:04,
CSDN 博客,刷题记录:C语言程序设计(第3版),练习4-6 猜数字游戏,https://springbear.blog.csdn.net/article/details/115560140,/resources/images/articles/115560140.png,2021-04-09 21:42:21,
CSDN 博客,刷题记录:C语言程序设计(第3版),练习4-3 求给定精度的简单交错序列部分和,https://springbear.blog.csdn.net/article/details/115559573,/resources/images/articles/115559573.png,2021-04-09 21:06:23,
CSDN 博客,刷题记录:C语言程序设计(第3版),习题3-5 三角形判断,https://springbear.blog.csdn.net/article/details/115557804,/resources/images/articles/115557804.png,2021-04-09 19:27:10,
CSDN 博客,刷题记录:C语言程序设计(第3版),习题3-4 统计学生成绩,https://springbear.blog.csdn.net/article/details/115533849,/resources/images/articles/115533849.png,2021-04-08 22:57:58,
CSDN 博客,刷题记录:C语言程序设计(第3版),习题3-3 出租车计价,https://springbear.blog.csdn.net/article/details/115533606,/resources/images/articles/115533606.png,2021-04-08 22:42:25,
CSDN 博客,刷题记录:C语言程序设计(第3版),习题3-2 高速公路超速处罚,https://springbear.blog.csdn.net/article/details/115532950,/resources/images/articles/115532950.png,2021-04-08 22:09:56,
CSDN 博客,刷题记录:C语言程序设计(第3版),习题3-1 比较大小,https://springbear.blog.csdn.net/article/details/115532167,/resources/images/articles/115532167.png,2021-04-08 21:37:10,
CSDN 博客,刷题记录:C语言程序设计(第3版),练习3-8 查询水果价格,https://springbear.blog.csdn.net/article/details/115531946,/resources/images/articles/115531946.png,2021-04-08 21:22:38,
CSDN 博客,刷题记录:C语言程序设计(第3版),练习3-7 成绩转换,https://springbear.blog.csdn.net/article/details/115427015,/resources/images/articles/115427015.png,2021-04-05 11:58:38,
CSDN 博客,刷题记录:C语言程序设计(第3版),练习3-5 输出闰年,https://springbear.blog.csdn.net/article/details/115426984,/resources/images/articles/115426984.png,2021-04-05 11:58:24,
CSDN 博客,刷题记录:C语言程序设计(第3版),练习3-4 统计字符,https://springbear.blog.csdn.net/article/details/115426963,/resources/images/articles/115426963.png,2021-04-05 11:58:09,
CSDN 博客,刷题记录:C语言程序设计(第3版),练习3-3 统计学生平均成绩与及格人数,https://springbear.blog.csdn.net/article/details/115426945,/resources/images/articles/115426945.png,2021-04-05 11:57:56,
CSDN 博客,刷题记录:C语言程序设计(第3版),练习3-2 计算符号函数的值,https://springbear.blog.csdn.net/article/details/115426889,/resources/images/articles/115426889.png,2021-04-05 11:57:27,
CSDN 博客,刷题记录:C语言程序设计(第3版),习题2-6 求阶乘序列前N项和,https://springbear.blog.csdn.net/article/details/115426845,/resources/images/articles/115426845.png,2021-04-05 11:57:09,
CSDN 博客,刷题记录:C语言程序设计(第3版),习题2-5 求平方根序列前N项和,https://springbear.blog.csdn.net/article/details/115426817,/resources/images/articles/115426817.png,2021-04-05 11:56:48,
CSDN 博客,刷题记录:C语言程序设计(第3版),习题2-4 求交错序列前N项和,https://springbear.blog.csdn.net/article/details/115426776,/resources/images/articles/115426776.png,2021-04-05 11:56:29,
CSDN 博客,刷题记录:C语言程序设计(第3版),习题2-3 求平方与倒数序列的部分和,https://springbear.blog.csdn.net/article/details/115426712,/resources/images/articles/115426712.png,2021-04-05 11:55:51,
CSDN 博客,刷题记录:C语言程序设计(第3版),习题2-2 阶梯电价,https://springbear.blog.csdn.net/article/details/115426667,/resources/images/articles/115426667.png,2021-04-04 11:17:19,
CSDN 博客,刷题记录:C语言程序设计(第3版),习题2-1 求整数均值,https://springbear.blog.csdn.net/article/details/115426629,/resources/images/articles/115426629.png,2021-04-04 11:14:07,
CSDN 博客,刷题记录:C语言程序设计(第3版),练习2-18 求组合数,https://springbear.blog.csdn.net/article/details/115426553,/resources/images/articles/115426553.png,2021-04-04 11:10:36,
CSDN 博客,刷题记录:C语言程序设计(第3版),练习2-17 生成3的乘方表,https://springbear.blog.csdn.net/article/details/115426478,/resources/images/articles/115426478.png,2021-04-04 11:05:33,
CSDN 博客,刷题记录:C语言程序设计(第3版),练习2-15 求简单交错序列前N项和,https://springbear.blog.csdn.net/article/details/115426439,/resources/images/articles/115426439.png,2021-04-04 10:59:08,
CSDN 博客,刷题记录:C语言程序设计(第3版),练习2-14 求奇数分之一序列前N项和,https://springbear.blog.csdn.net/article/details/115426408,/resources/images/articles/115426408.png,2021-04-04 10:56:31,
CSDN 博客,刷题记录:C语言程序设计(第3版),练习2-13 求N分之一序列前N项和,https://springbear.blog.csdn.net/article/details/115426288,/resources/images/articles/115426288.png,2021-04-04 10:52:54,
CSDN 博客,刷题记录:C语言程序设计(第3版),练习2-12 输出华氏-摄氏温度转换表,https://springbear.blog.csdn.net/article/details/115560465,/resources/images/articles/115560465.png,2021-04-09 22:01:35,
CSDN 博客,刷题记录:C语言程序设计(第3版),练习2-11 计算分段函数[2],https://springbear.blog.csdn.net/article/details/115409567,/resources/images/articles/115409567.png,2021-04-02 23:21:47,
CSDN 博客,刷题记录:C语言程序设计(第3版),练习2-10 计算分段函数[1],https://springbear.blog.csdn.net/article/details/115409495,/resources/images/articles/115409495.png,2021-04-02 23:17:21,
CSDN 博客,刷题记录:C语言程序设计(第3版),练习2-9 整数四则运算,https://springbear.blog.csdn.net/article/details/115409470,/resources/images/articles/115409470.png,2021-04-02 23:10:21,
CSDN 博客,刷题记录:C语言程序设计(第3版),练习2-8 计算摄氏温度,https://springbear.blog.csdn.net/article/details/115409431,/resources/images/articles/115409431.png,2021-04-02 23:07:32,
CSDN 博客,刷题记录:C语言程序设计(第3版),练习2-6 计算物体自由下落的距离,https://springbear.blog.csdn.net/article/details/115383714,/resources/images/articles/115383714.png,2021-04-02 23:04:04,
CSDN 博客,刷题记录:C语言程序设计(第3版),练习2-4 温度转换,https://springbear.blog.csdn.net/article/details/115383598,/resources/images/articles/115383598.png,2021-04-02 22:56:31,
CSDN 博客,刷题记录:C语言程序设计(第3版),练习2-3 输出倒三角图案,https://springbear.blog.csdn.net/article/details/115383350,/resources/images/articles/115383350.png,2021-04-02 22:55:29,
CSDN 博客,刷题记录:C语言程序设计(第3版),练习2-1 Programming in C is fun!,https://springbear.blog.csdn.net/article/details/115383231,/resources/images/articles/115383231.png,2021-04-02 22:54:31,
CSDN 博客,刷题记录:C语言程序设计(第3版),习题11-8 单链表结点删除,https://springbear.blog.csdn.net/article/details/117191535,/resources/images/articles/117191535.png,2021-05-23 11:40:02,
CSDN 博客,刷题记录:C语言程序设计(第3版),习题11-7 奇数值结点链表,https://springbear.blog.csdn.net/article/details/117190649,/resources/images/articles/117190649.png,2021-05-23 11:15:21,
CSDN 博客,刷题记录:C语言程序设计(第3版),习题11-6 查找子串,https://springbear.blog.csdn.net/article/details/117172895,/resources/images/articles/117172895.png,2021-05-23 08:04:24,
CSDN 博客,刷题记录:C语言程序设计(第3版),习题11-5 指定位置输出字符串,https://springbear.blog.csdn.net/article/details/117172513,/resources/images/articles/117172513.png,2021-05-23 08:03:59,
CSDN 博客,刷题记录:C语言程序设计(第3版),习题11-4 字符串的连接,https://springbear.blog.csdn.net/article/details/117165924,/resources/images/articles/117165924.png,2021-05-22 16:59:52,
CSDN 博客,刷题记录:C语言程序设计(第3版),习题11-3 计算最长的字符串长度,https://springbear.blog.csdn.net/article/details/117165528,/resources/images/articles/117165528.png,2021-05-22 16:50:35,
CSDN 博客,刷题记录:C语言程序设计(第3版),习题11-2 查找星期,https://springbear.blog.csdn.net/article/details/117165088,/resources/images/articles/117165088.png,2021-05-22 16:40:33,
CSDN 博客,刷题记录:C语言程序设计(第3版),习题11-1 输出月份英文名,https://springbear.blog.csdn.net/article/details/117164568,/resources/images/articles/117164568.png,2021-05-22 16:27:15,
CSDN 博客,刷题记录:C语言程序设计(第3版),习题10-8 递归实现顺序输出整数,https://springbear.blog.csdn.net/article/details/117163624,/resources/images/articles/117163624.png,2021-05-22 16:03:14,
CSDN 博客,刷题记录:C语言程序设计(第3版),习题10-7 十进制转换二进制,https://springbear.blog.csdn.net/article/details/117163418,/resources/images/articles/117163418.png,2021-05-22 15:57:54,
CSDN 博客,刷题记录:C语言程序设计(第3版),习题10-6 递归求Fabonacci数列,https://springbear.blog.csdn.net/article/details/117135321,/resources/images/articles/117135321.png,2021-05-22 15:16:38,
CSDN 博客,刷题记录:C语言程序设计(第3版),习题10-5 递归计算Ackermenn函数,https://springbear.blog.csdn.net/article/details/117135278,/resources/images/articles/117135278.png,2021-05-22 15:16:27,
CSDN 博客,刷题记录:C语言程序设计(第3版),习题10-4 递归求简单交错幂级数的部分和,https://springbear.blog.csdn.net/article/details/117135140,/resources/images/articles/117135140.png,2021-05-22 15:16:14,
CSDN 博客,刷题记录:C语言程序设计(第3版),习题10-3 递归实现指数函数,https://springbear.blog.csdn.net/article/details/117134789,/resources/images/articles/117134789.png,2021-05-22 15:15:56,
CSDN 博客,刷题记录:C语言程序设计(第3版),习题10-2 递归求阶乘和,https://springbear.blog.csdn.net/article/details/117134671,/resources/images/articles/117134671.png,2021-05-21 20:39:52,
CSDN 博客,刷题记录:C语言程序设计(第3版),习题10-1 判断满足条件的三位数,https://springbear.blog.csdn.net/article/details/117134587,/resources/images/articles/117134587.png,2021-05-21 20:33:59,
CSDN 博客,刷题记录:C语言程序设计(第3版),练习10-1 使用递归函数计算1到n之和,https://springbear.blog.csdn.net/article/details/117134217,/resources/images/articles/117134217.png,2021-05-21 20:04:47,
CSDN 博客,刷题记录:C语言程序设计(第3版),习题9-6 按等级统计学生成绩,https://springbear.blog.csdn.net/article/details/117133972,/resources/images/articles/117133972.png,2021-05-21 19:49:59,
CSDN 博客,刷题记录:C语言程序设计(第3版),习题9-2 计算两个复数之积,https://springbear.blog.csdn.net/article/details/117133812,/resources/images/articles/117133812.png,2021-05-21 19:38:54,
CSDN 博客,刷题记录:C语言程序设计(第3版),习题8-9 分类统计各类字符个数,https://springbear.blog.csdn.net/article/details/117191676,/resources/images/articles/117191676.png,2021-05-23 11:46:40,
CSDN 博客,刷题记录:C语言程序设计(第3版),习题8-8 判断回文字符串,https://springbear.blog.csdn.net/article/details/117133543,/resources/images/articles/117133543.png,2021-05-21 19:17:25,
CSDN 博客,刷题记录:C语言程序设计(第3版),习题8-6 删除字符,https://springbear.blog.csdn.net/article/details/117132766,/resources/images/articles/117132766.png,2021-05-21 18:57:49,
CSDN 博客,刷题记录:C语言程序设计(第3版),习题8-5 使用函数实现字符串部分复制,https://springbear.blog.csdn.net/article/details/117132000,/resources/images/articles/117132000.png,2021-05-21 18:32:51,
CSDN 博客,刷题记录:C语言程序设计(第3版),习题8-4 报数,https://springbear.blog.csdn.net/article/details/117131338,/resources/images/articles/117131338.png,2021-05-21 18:15:21,
CSDN 博客,刷题记录:C语言程序设计(第3版),习题8-3 数组循环右移,https://springbear.blog.csdn.net/article/details/117093244,/resources/images/articles/117093244.png,2021-05-20 22:48:57,
CSDN 博客,刷题记录:C语言程序设计(第3版),习题8-2 在数组中查找指定元素,https://springbear.blog.csdn.net/article/details/116996718,/resources/images/articles/116996718.png,2021-05-18 17:22:23,
CSDN 博客,刷题记录:C语言程序设计(第3版),习题8-1 拆分实数的整数与小数部分,https://springbear.blog.csdn.net/article/details/116996372,/resources/images/articles/116996372.png,2021-05-18 17:15:41,
CSDN 博客,刷题记录:C语言程序设计(第3版),练习8-8 移动字母,https://springbear.blog.csdn.net/article/details/116989183,/resources/images/articles/116989183.png,2021-05-18 14:50:54,
CSDN 博客,刷题记录:C语言程序设计(第3版),练习8-2 计算两数的和与差,https://springbear.blog.csdn.net/article/details/116987612,/resources/images/articles/116987612.png,2021-05-18 14:18:42,
CSDN 博客,刷题记录:C语言程序设计(第3版),习题6-6 使用函数输出一个整数的逆序数,https://springbear.blog.csdn.net/article/details/116973377,/resources/images/articles/116973377.png,2021-05-18 08:11:18,
CSDN 博客,刷题记录:C语言程序设计(第3版),习题6-5 使用函数验证哥德巴赫猜想,https://springbear.blog.csdn.net/article/details/116950187,/resources/images/articles/116950187.png,2021-05-17 21:33:15,
CSDN 博客,刷题记录:C语言程序设计(第3版),习题6-4 使用函数输出指定范围内的Fibonacci数,https://springbear.blog.csdn.net/article/details/116946480,/resources/images/articles/116946480.png,2021-05-17 19:55:59,
CSDN 博客,刷题记录:C语言程序设计(第3版),习题6-3 使用函数输出指定范围内的完数,https://springbear.blog.csdn.net/article/details/116945353,/resources/images/articles/116945353.png,2021-05-17 19:26:08,
CSDN 博客,刷题记录:C语言程序设计(第3版),习题6-2 使用函数求特殊a串数列和,https://springbear.blog.csdn.net/article/details/116944344,/resources/images/articles/116944344.png,2021-05-17 19:00:16,
CSDN 博客,刷题记录:C语言程序设计(第3版),习题6-1 分类统计字符个数,https://springbear.blog.csdn.net/article/details/116923138,/resources/images/articles/116923138.png,2021-05-17 11:48:33,
CSDN 博客,刷题记录:C语言程序设计(第3版),习题5-7 使用函数求余弦函数的近似值,https://springbear.blog.csdn.net/article/details/116922277,/resources/images/articles/116922277.png,2021-05-17 11:28:26,
CSDN 博客,刷题记录:C语言程序设计(第3版),习题5-6 使用函数输出水仙花数,https://springbear.blog.csdn.net/article/details/116913657,/resources/images/articles/116913657.png,2021-05-17 09:13:16,
CSDN 博客,刷题记录:C语言程序设计(第3版),习题5-5 使用函数统计指定数字的个数,https://springbear.blog.csdn.net/article/details/116750433,/resources/images/articles/116750433.png,2021-05-13 14:59:16,
CSDN 博客,刷题记录:C语言程序设计(第3版),习题5-4 使用函数求素数和,https://springbear.blog.csdn.net/article/details/116750168,/resources/images/articles/116750168.png,2021-05-13 14:53:12,
CSDN 博客,刷题记录:C语言程序设计(第3版),习题5-3 使用函数计算两点间的距离,https://springbear.blog.csdn.net/article/details/116749950,/resources/images/articles/116749950.png,2021-05-13 14:49:38,
CSDN 博客,刷题记录:C语言程序设计(第3版),习题5-2 使用函数求奇数和,https://springbear.blog.csdn.net/article/details/116749815,/resources/images/articles/116749815.png,2021-05-13 14:45:11,
CSDN 博客,刷题记录:C语言程序设计(第3版),习题5-1 符号函数,https://springbear.blog.csdn.net/article/details/116749330,/resources/images/articles/116749330.png,2021-05-13 14:38:01,
CSDN 博客,刷题记录:C语言程序设计(第3版),练习5-3 数字金字塔,https://springbear.blog.csdn.net/article/details/116749117,/resources/images/articles/116749117.png,2021-05-13 14:32:56,
CSDN 博客,刷题记录:C语言程序设计(第3版),练习5-2 找两个数中最大者,https://springbear.blog.csdn.net/article/details/116723705,/resources/images/articles/116723705.png,2021-05-12 22:52:18,
CSDN 博客,刷题记录:C语言程序设计(第3版),练习5-1 求m到n之和,https://springbear.blog.csdn.net/article/details/116723565,/resources/images/articles/116723565.png,2021-05-12 22:48:56,
CSDN 博客,刷题记录:基础编程题目集,7-38 数列求和-加强版,https://springbear.blog.csdn.net/article/details/120240958,/resources/images/articles/120240958.png,2021-09-11 17:48:53,
CSDN 博客,刷题记录:基础编程题目集,7-37 整数分解为若干项之和,https://springbear.blog.csdn.net/article/details/120240651,/resources/images/articles/120240651.png,2021-09-11 17:34:07,
CSDN 博客,刷题记录:基础编程题目集,7-36 复数四则运算,https://springbear.blog.csdn.net/article/details/120240302,/resources/images/articles/120240302.png,2021-09-11 17:10:53,
CSDN 博客,刷题记录:基础编程题目集,7-35 有理数均值,https://springbear.blog.csdn.net/article/details/120239355,/resources/images/articles/120239355.png,2021-09-11 16:21:23,
CSDN 博客,刷题记录:基础编程题目集,7-34 通讯录的录入与显示,https://springbear.blog.csdn.net/article/details/120226218,/resources/images/articles/120226218.png,2021-09-10 17:11:37,
CSDN 博客,刷题记录:基础编程题目集,7-33 有理数加法,https://springbear.blog.csdn.net/article/details/120225313,/resources/images/articles/120225313.png,2021-09-10 16:39:45,
CSDN 博客,刷题记录:基础编程题目集,7-32 说反话-加强版,https://springbear.blog.csdn.net/article/details/120224876,/resources/images/articles/120224876.png,2021-09-10 16:25:28,
CSDN 博客,刷题记录:基础编程题目集,7-31 字符串循环左移,https://springbear.blog.csdn.net/article/details/120217042,/resources/images/articles/120217042.png,2021-09-10 10:45:55,
CSDN 博客,刷题记录:基础编程题目集,7-30 字符串的冒泡排序,https://springbear.blog.csdn.net/article/details/120209645,/resources/images/articles/120209645.png,2021-09-09 20:48:25,
CSDN 博客,刷题记录:基础编程题目集,7-29 删除字符串中的子串,https://springbear.blog.csdn.net/article/details/120209096,/resources/images/articles/120209096.png,2021-09-09 20:22:46,
CSDN 博客,刷题记录:基础编程题目集,7-28 猴子选大王,https://springbear.blog.csdn.net/article/details/120185763,/resources/images/articles/120185763.png,2021-09-08 18:04:24,
CSDN 博客,刷题记录:基础编程题目集,7-27 冒泡法排序,https://springbear.blog.csdn.net/article/details/120172890,/resources/images/articles/120172890.png,2021-09-08 09:46:36,
CSDN 博客,刷题记录:基础编程题目集,7-26 单词长度,https://springbear.blog.csdn.net/article/details/120172099,/resources/images/articles/120172099.png,2021-09-08 09:21:07,
CSDN 博客,刷题记录:基础编程题目集,7-25 念数字,https://springbear.blog.csdn.net/article/details/120140842,/resources/images/articles/120140842.png,2021-09-06 17:45:09,
CSDN 博客,刷题记录:基础编程题目集,7-24 约分最简分式,https://springbear.blog.csdn.net/article/details/118996249,/resources/images/articles/118996249.png,2021-07-22 12:18:02,
CSDN 博客,刷题记录:基础编程题目集,7-23 币值转换,https://springbear.blog.csdn.net/article/details/118995679,/resources/images/articles/118995679.png,2021-07-22 11:45:40,
CSDN 博客,刷题记录:基础编程题目集,7-22 龟兔赛跑,https://springbear.blog.csdn.net/article/details/118861873,/resources/images/articles/118861873.png,2021-07-17 20:27:41,
CSDN 博客,刷题记录:基础编程题目集,7-21 求特殊方程的正整数解,https://springbear.blog.csdn.net/article/details/118851216,/resources/images/articles/118851216.png,2021-07-17 07:08:40,
CSDN 博客,刷题记录:基础编程题目集,7-20 打印九九口诀表,https://springbear.blog.csdn.net/article/details/118851214,/resources/images/articles/118851214.png,2021-07-17 07:05:13,
CSDN 博客,刷题记录:基础编程题目集,7-19 支票面额,https://springbear.blog.csdn.net/article/details/118851207,/resources/images/articles/118851207.png,2021-07-17 07:00:53,
CSDN 博客,刷题记录:基础编程题目集,7-18 二分法求多项式单根,https://springbear.blog.csdn.net/article/details/118731787,/resources/images/articles/118731787.png,2021-07-14 16:59:29,
CSDN 博客,刷题记录:基础编程题目集,7-17 爬动的蠕虫,https://springbear.blog.csdn.net/article/details/118706492,/resources/images/articles/118706492.png,2021-07-13 17:32:03,
CSDN 博客,刷题记录:基础编程题目集,7-16 求符合给定条件的整数集,https://springbear.blog.csdn.net/article/details/118705704,/resources/images/articles/118705704.png,2021-07-13 17:15:13,
CSDN 博客,刷题记录:基础编程题目集,7-15 计算圆周率,https://springbear.blog.csdn.net/article/details/118696366,/resources/images/articles/118696366.png,2021-07-13 11:37:47,
CSDN 博客,刷题记录:基础编程题目集,7-14 求整数段和,https://springbear.blog.csdn.net/article/details/118658798,/resources/images/articles/118658798.png,2021-07-11 19:50:56,
CSDN 博客,刷题记录:基础编程题目集,7-13 日K蜡烛图,https://springbear.blog.csdn.net/article/details/118651031,/resources/images/articles/118651031.png,2021-07-11 09:58:06,
CSDN 博客,刷题记录:基础编程题目集,7-12 两个数的简单计算器,https://springbear.blog.csdn.net/article/details/118650902,/resources/images/articles/118650902.png,2021-07-11 09:44:45,
CSDN 博客,刷题记录:基础编程题目集,7-11 分段计算居民水费,https://springbear.blog.csdn.net/article/details/118650806,/resources/images/articles/118650806.png,2021-07-11 09:35:53,
CSDN 博客,刷题记录:基础编程题目集,7-10 计算工资,https://springbear.blog.csdn.net/article/details/118650770,/resources/images/articles/118650770.png,2021-07-11 09:32:30,
CSDN 博客,刷题记录:基础编程题目集,7-9 用天平找小球,https://springbear.blog.csdn.net/article/details/118641722,/resources/images/articles/118641722.png,2021-07-10 22:15:12,
CSDN 博客,刷题记录:基础编程题目集,7-8 超速判断,https://springbear.blog.csdn.net/article/details/118641657,/resources/images/articles/118641657.png,2021-07-10 22:10:04,
CSDN 博客,刷题记录:基础编程题目集,7-7 12-24小时制,https://springbear.blog.csdn.net/article/details/118640090,/resources/images/articles/118640090.png,2021-07-10 20:23:02,
CSDN 博客,刷题记录:基础编程题目集,7-6 混合类型数据格式化输入,https://springbear.blog.csdn.net/article/details/118627029,/resources/images/articles/118627029.png,2021-07-10 07:04:59,
CSDN 博客,刷题记录:基础编程题目集,7-5 表格输出,https://springbear.blog.csdn.net/article/details/118615653,/resources/images/articles/118615653.png,2021-07-09 22:17:42,
CSDN 博客,刷题记录:基础编程题目集,7-4 BCD解密,https://springbear.blog.csdn.net/article/details/118615584,/resources/images/articles/118615584.png,2021-07-09 22:12:53,
CSDN 博客,刷题记录:基础编程题目集,7-3 逆序的三位数,https://springbear.blog.csdn.net/article/details/118338756,/resources/images/articles/118338756.png,2021-06-29 16:44:55,
CSDN 博客,刷题记录:基础编程题目集,7-2 然后是几点,https://springbear.blog.csdn.net/article/details/118337827,/resources/images/articles/118337827.png,2021-06-29 16:21:51,
CSDN 博客,刷题记录:基础编程题目集,7-1 厘米换算英尺英寸,https://springbear.blog.csdn.net/article/details/118312347,/resources/images/articles/118312347.png,2021-06-28 21:34:50,
CSDN 博客,刷题记录:基础编程题目集,6-13 折半查找,https://springbear.blog.csdn.net/article/details/118312189,/resources/images/articles/118312189.png,2021-06-28 21:04:34,
CSDN 博客,刷题记录:基础编程题目集,6-12 判断奇偶性,https://springbear.blog.csdn.net/article/details/118311725,/resources/images/articles/118311725.png,2021-06-28 20:34:03,
CSDN 博客,刷题记录:基础编程题目集,6-11 求自定类型元素序列的中位数,https://springbear.blog.csdn.net/article/details/118311633,/resources/images/articles/118311633.png,2021-06-28 20:30:39,
CSDN 博客,刷题记录:基础编程题目集,6-10 阶乘计算升级版,https://springbear.blog.csdn.net/article/details/118184550,/resources/images/articles/118184550.png,2021-06-24 12:29:33,
CSDN 博客,刷题记录:基础编程题目集,6-9 统计个位数字,https://springbear.blog.csdn.net/article/details/117913899,/resources/images/articles/117913899.png,2021-06-14 22:30:18,
CSDN 博客,刷题记录:基础编程题目集,6-8 简单阶乘计算,https://springbear.blog.csdn.net/article/details/117900857,/resources/images/articles/117900857.png,2021-06-14 12:27:33,
CSDN 博客,刷题记录:基础编程题目集,6-7 统计某类完全平方数,https://springbear.blog.csdn.net/article/details/117900796,/resources/images/articles/117900796.png,2021-06-14 12:24:23,
CSDN 博客,刷题记录:基础编程题目集,6-6 求单链表结点的阶乘和,https://springbear.blog.csdn.net/article/details/117900025,/resources/images/articles/117900025.png,2021-06-14 11:58:39,
CSDN 博客,刷题记录:基础编程题目集,6-5 求自定类型元素的最大值,https://springbear.blog.csdn.net/article/details/117899651,/resources/images/articles/117899651.png,2021-06-14 11:45:18,
CSDN 博客,刷题记录:基础编程题目集,6-4 求自定类型元素的平均,https://springbear.blog.csdn.net/article/details/117899321,/resources/images/articles/117899321.png,2021-06-14 11:34:29,
CSDN 博客,刷题记录:基础编程题目集,6-3 简单求和,https://springbear.blog.csdn.net/article/details/117885668,/resources/images/articles/117885668.png,2021-06-13 21:31:18,
CSDN 博客,刷题记录:基础编程题目集,6-2 多项式求值,https://springbear.blog.csdn.net/article/details/117841531,/resources/images/articles/117841531.png,2021-06-12 11:04:19,
CSDN 博客,刷题记录:基础编程题目集,6-1 简单输出整数,https://springbear.blog.csdn.net/article/details/117837880,/resources/images/articles/117837880.png,2021-06-12 08:35:26,